CREATE DATABASE  IF NOT EXISTS `gestion_restaurante` /*!40100 DEFAULT CHARACTER SET utf8mb4 COLLATE utf8mb4_0900_ai_ci */ /*!80016 DEFAULT ENCRYPTION='N' */;
USE `gestion_restaurante`;
-- MySQL dump 10.13  Distrib 8.0.32, for Win64 (x86_64)
--
-- Host: localhost    Database: gestion_restaurante
-- ------------------------------------------------------
-- Server version	8.0.32

/*!40101 SET @OLD_CHARACTER_SET_CLIENT=@@CHARACTER_SET_CLIENT */;
/*!40101 SET @OLD_CHARACTER_SET_RESULTS=@@CHARACTER_SET_RESULTS */;
/*!40101 SET @OLD_COLLATION_CONNECTION=@@COLLATION_CONNECTION */;
/*!50503 SET NAMES utf8 */;
/*!40103 SET @OLD_TIME_ZONE=@@TIME_ZONE */;
/*!40103 SET TIME_ZONE='+00:00' */;
/*!40014 SET @OLD_UNIQUE_CHECKS=@@UNIQUE_CHECKS, UNIQUE_CHECKS=0 */;
/*!40014 SET @OLD_FOREIGN_KEY_CHECKS=@@FOREIGN_KEY_CHECKS, FOREIGN_KEY_CHECKS=0 */;
/*!40101 SET @OLD_SQL_MODE=@@SQL_MODE, SQL_MODE='NO_AUTO_VALUE_ON_ZERO' */;
/*!40111 SET @OLD_SQL_NOTES=@@SQL_NOTES, SQL_NOTES=0 */;

--
-- Table structure for table `clientes`
--

DROP TABLE IF EXISTS `clientes`;
/*!40101 SET @saved_cs_client     = @@character_set_client */;
/*!50503 SET character_set_client = utf8mb4 */;
CREATE TABLE `clientes` (
  `id` int NOT NULL AUTO_INCREMENT,
  `apellido` varchar(255) NOT NULL,
  `correo` varchar(255) NOT NULL,
  `nombre` varchar(255) NOT NULL,
  `telefono` varchar(255) NOT NULL,
  PRIMARY KEY (`id`),
  UNIQUE KEY `UK_ar8ntug2bm5pr1irt7f9oysox` (`correo`)
) ENGINE=InnoDB AUTO_INCREMENT=804 DEFAULT CHARSET=utf8mb4 COLLATE=utf8mb4_0900_ai_ci;
/*!40101 SET character_set_client = @saved_cs_client */;

--
-- Dumping data for table `clientes`
--

LOCK TABLES `clientes` WRITE;
/*!40000 ALTER TABLE `clientes` DISABLE KEYS */;
INSERT INTO `clientes` VALUES (1,'Taveira','juan.taveira@gmail.com','Juan','+34112233'),(2,'Messi','leo.messi@gmail.com','Leo','+34112233'),(3,'Azpiazu','asier@gmail.com','Asier','+34666000666'),(4,'Calvillo','claudio.samaniego@yahoo.com','Marisol','965.008.776'),(5,'Verduzco','ernesto.guevara@gmail.com','Micaela','917661218'),(6,'Muñiz','fernando.venegas@yahoo.com','Enrique','980693179'),(7,'Cabán','luismiguel.diaz@gmail.com','Marisol','986-018-325'),(8,'Gracia','esteban.cadena@gmail.com','Hernán','983 691 544'),(9,'Vargas','lola.montalvo@yahoo.com','Sancho','926.321.584'),(10,'Escalante','marta.venegas@gmail.com','Carlos','901-068-430'),(11,'Holguín','marisol.robles@yahoo.com','Teresa','916 212 949'),(12,'Gamez','oscar.armendariz@gmail.com','Jacobo','909 389 547'),(13,'Delafuente','horacio.armenta@gmail.com','Eloisa','919915177'),(14,'Cantú','leonor.mateo@hotmail.com','Carmen','973406651'),(15,'Colón','marisol.briseno@yahoo.com','Gonzalo','967.164.193'),(16,'Huerta','florencia.leiva@yahoo.com','Manuela','905898129'),(17,'Ureña','berta.salazar@hotmail.com','Juan Carlos','926 239 205'),(18,'Marín','isabel.llamas@gmail.com','Marta','902-298-339'),(19,'Anguiano','mariajose.navarro@yahoo.com','Joaquín','920-142-386'),(20,'Miramontes','sofia.barreto@yahoo.com','Lilia','915.874.506'),(21,'Abrego','isabela.godinez@gmail.com','Víctor','981-989-500'),(22,'Ceballos','rosalia.prado@gmail.com','Óscar','916647363'),(23,'Valdez','josemaria.rosado@hotmail.com','Margarita','988903494'),(24,'Duarte','gerardo.navarro@yahoo.com','Sofia','943-141-910'),(25,'Laboy','alicia.magana@gmail.com','Rebeca','969-904-207'),(26,'Abreu','lourdes.crespo@yahoo.com','Ester','938423668'),(27,'Lerma','felipe.rubio@gmail.com','Andrea','970-506-878'),(28,'Peres','ernesto.estevez@yahoo.com','Benjamín','977.841.832'),(29,'Rivas','ramiro.ibarra@yahoo.com','Javier','902.308.806'),(30,'Salcido','mayte.barela@yahoo.com','Ana Luisa','927-147-257'),(31,'Castellanos','maricarmen.ramon@hotmail.com','Mariano','981 798 760'),(32,'Macías','enrique.mendoza@gmail.com','Mariana','985 982 274'),(33,'Navarrete','claudio.leyva@hotmail.com','Marisol','991017633'),(34,'Romo','juancarlos.esquivel@gmail.com','Diana','903.039.629'),(35,'Loera','conchita.barela@hotmail.com','José','933 078 774'),(36,'Otero','antonio.mireles@gmail.com','Diego','945.122.622'),(37,'Corrales','sergio.pena@hotmail.com','Alfredo','981-035-855'),(38,'Urbina','guillermina.galvan@gmail.com','José','951 793 321'),(39,'de Anda','guadalupe.marrero@hotmail.com','Alfonso','946 499 755'),(40,'Gurule','ernesto.munguia@gmail.com','Fernando','995 605 772'),(41,'Bernal','marisol.vela@gmail.com','Isabel','971 522 732'),(42,'Valenzuela','manuela.rendon@yahoo.com','Ernesto','996.705.830'),(43,'Mares','ines.pina@yahoo.com','Olivia','986900283'),(44,'Ávalos','guillermo.pabon@hotmail.com','Olivia','922-817-917'),(45,'Reyes','jacobo.quiroz@gmail.com','Claudio','959.396.753'),(46,'Villa','adriana.solis@hotmail.com','María del Carmen','990.572.665'),(47,'Valverde','daniel.gollum@hotmail.com','Raquel','909.816.813'),(48,'Reynoso','marcos.vela@gmail.com','Maricarmen','906 688 084'),(49,'Solorio','joaquin.franco@gmail.com','Alberto','975.363.202'),(50,'Quezada','ramon.salazar@hotmail.com','Federico','954312638'),(51,'Nieves','diana.batista@hotmail.com','Gilberto','923 542 239'),(52,'Colón','claudia.mora@gmail.com','Alicia','995646610'),(53,'Acevedo','esteban.salas@gmail.com','María','960076432'),(54,'Loera','benjamin.lerma@yahoo.com','Caridad','949485655'),(55,'Yáñez','virginia.pina@yahoo.com','Marcos','923.330.349'),(56,'Vásquez','guillermina.solis@gmail.com','Ricardo','904 233 211'),(57,'Arellano','jorgeluis.griego@yahoo.com','Vicente','926-527-988'),(58,'Solorio','gabriel.ceja@gmail.com','Gonzalo','900-138-350'),(59,'Girón','alfredo.orozco@yahoo.com','Margarita','973 406 588'),(60,'Páez','juancarlos.urena@hotmail.com','Gloria','958.324.721'),(61,'Montaño','joseluis.alicea@gmail.com','Elsa','984 344 323'),(62,'Narváez','carlos.adorno@yahoo.com','Carolina','925-230-417'),(63,'Limón','andrea.noriega@yahoo.com','Patricio','954-979-623'),(64,'Ocampo','juana.pantoja@hotmail.com','Gregorio','979 473 656'),(65,'Guillen','ernesto.cepeda@gmail.com','Eloisa','909-997-752'),(66,'Villaseñor','luz.muro@yahoo.com','Martín','930-358-389'),(67,'Bueno','mariajose.padilla@gmail.com','Juan','932657392'),(68,'Mesa','jose.rosas@yahoo.com','Ángela','955-881-593'),(69,'Zepeda','ramiro.mora@hotmail.com','Josefina','963-538-327'),(70,'Corrales','laura.delgado@yahoo.com','Victoria','938.702.471'),(71,'Cotto','concepcion.frias@hotmail.com','Juan','919823427'),(72,'Zelaya','elisa.cotto@hotmail.com','Daniel','917 633 585'),(73,'Cedillo','mariaeugenia.montenegro@yahoo.com','Alberto','987 651 753'),(74,'Partida','juana.prado@yahoo.com','Arturo','954-871-973'),(75,'Coronado','florencia.nazario@gmail.com','María Elena','959 404 317'),(76,'Osorio','amalia.partida@hotmail.com','Óscar','994280153'),(77,'Bermúdez','victoria.villareal@gmail.com','María Cristina','944 559 843'),(78,'Botello','lola.granado@gmail.com','Francisca','958-854-569'),(79,'Adame','elsa.cabrera@gmail.com','Carlos','974684160'),(80,'Alonzo','angela.espino@yahoo.com','Gregorio','974-762-532'),(81,'Gaitán','lorenzo.madera@yahoo.com','Miguel Ángel','909462785'),(82,'Campos','gustavo.nino@hotmail.com','Rocio','942-703-631'),(83,'Mejía','julio.zuniga@hotmail.com','Rosalia','974-146-134'),(84,'Barrios','santiago.sepulveda@yahoo.com','Eduardo','931-479-725'),(85,'Collado','octavio.bermudez@gmail.com','Rosalia','943.387.173'),(86,'Olvera','ricardo.arce@yahoo.com','Federico','920614539'),(87,'Fonseca','mariateresa.garibay@yahoo.com','Raquel','990704169'),(88,'Orosco','joseluis.apodaca@yahoo.com','Horacio','960.834.260'),(89,'Fonseca','jorgeluis.osorio@hotmail.com','Gabriel','960.933.925'),(90,'Barrera','ernesto.maya@hotmail.com','Sonia','922-337-420'),(91,'Baca','luz.galvez@yahoo.com','Cristobal','913494155'),(92,'Orozco','diego.colon@gmail.com','Bernardo','933-316-518'),(93,'Gonzales','marialuisa.romero@hotmail.com','Gustavo','929 808 674'),(94,'Garica','salvador.carrero@hotmail.com','Mercedes','985.126.734'),(95,'Tórrez','daniel.rolon@yahoo.com','María del Carmen','948677417'),(96,'Bernal','manuel.aviles@yahoo.com','Pedro','993-762-511'),(97,'Pagan','isabel.pulido@gmail.com','Alfredo','958402010'),(98,'Macías','benito.ulloa@yahoo.com','Blanca','953 343 614'),(99,'Sáenz','miguelangel.vallejo@yahoo.com','Octavio','909632046'),(100,'Chapa','dolores.hinojosa@gmail.com','Clemente','968-589-438'),(101,'Delapaz','mariadelcarmen.marrero@gmail.com','Rodrigo','964 700 705'),(102,'Rascón','irene.hurtado@yahoo.com','Caridad','900 316 873'),(103,'Centeno','mariacristina.granados@gmail.com','Pedro','976577917'),(104,'Trejo','ines.escamilla@gmail.com','María José','953.592.633'),(105,'Delvalle','nicolas.abreu@hotmail.com','María Luisa','946242330'),(106,'Preciado','manuel.corona@gmail.com','Cristian','952 258 819'),(107,'Montero','joseluis.monroy@gmail.com','Francisco','993-694-686'),(108,'Villegas','mariadelcarmen.valdes@gmail.com','Daniela','943-859-955'),(109,'Miramontes','elsa.valladares@yahoo.com','Marisol','942 914 366'),(110,'Guajardo','eva.sotelo@hotmail.com','Vicente','997232287'),(111,'Baeza','juana.aguilar@hotmail.com','Mayte','930 521 821'),(112,'Esparza','susana.viera@hotmail.com','Lorenzo','940671555'),(113,'Quiñones','felipe.noriega@gmail.com','Adela','998 798 290'),(114,'Peña','salvador.adame@gmail.com','Marta','941-906-415'),(115,'Montenegro','mateo.valladares@yahoo.com','María Elena','991 514 477'),(116,'Grijalva','carolina.abeyta@yahoo.com','Marta','981-997-943'),(117,'Aponte','julia.escobedo@hotmail.com','Mariano','967-338-692'),(118,'Briones','roberto.agosto@gmail.com','Lorenzo','987 025 726'),(119,'Segovia','ernesto.peralta@hotmail.com','Barbara','955857772'),(120,'Gaitán','mariasoledad.chavez@gmail.com','Benito','904.716.117'),(121,'Carrion','sancho.trevino@yahoo.com','Samuel','942-201-588'),(122,'Zepeda','luisa.gaona@hotmail.com','Amalia','983-426-170'),(123,'Ferrer','ines.marrero@hotmail.com','Inés','917-477-330'),(124,'Rosario','hugo.zapata@yahoo.com','Jerónimo','984.418.235'),(125,'Valdez','claudio.resendez@yahoo.com','Rosario','984.976.889'),(126,'Torres','gloria.sarabia@hotmail.com','Tomás','981.629.229'),(127,'Manzanares','mariadelcarmen.armendariz@hotmail.com','Javier','998.998.814'),(128,'Olivárez','andrea.godinez@yahoo.com','Gabriela','928 518 311'),(129,'Velasco','olivia.archuleta@hotmail.com','César','951-296-355'),(130,'Lerma','marcoantonio.aparicio@gmail.com','Lola','996.475.598'),(131,'Vega','sergio.baca@gmail.com','Sancho','913.857.815'),(132,'Espino','analuisa.gutierrez@hotmail.com','Ricardo','945378224'),(133,'Amador','eduardo.olmos@yahoo.com','Gustavo','983 823 842'),(134,'Zúñiga','esteban.munguia@yahoo.com','Rosalia','970432099'),(135,'Urrutia','esteban.cedillo@hotmail.com','Hernán','932.552.589'),(136,'Villagómez','pablo.gastelum@hotmail.com','Gustavo','965-340-620'),(137,'Avilés','veronica.negron@hotmail.com','Francisca','991 933 261'),(138,'Narváez','conchita.llamas@hotmail.com','Agustín','987 018 135'),(139,'Lucero','mariana.lebron@hotmail.com','Josefina','946 782 739'),(140,'Alanis','marisol.santana@hotmail.com','Cristobal','955.514.295'),(141,'Haro','mariasoledad.laboy@hotmail.com','Rodrigo','975-867-565'),(142,'Abeyta','raquel.mares@gmail.com','Bernardo','987.721.800'),(143,'Puga','patricio.saucedo@gmail.com','Guadalupe','966-205-497'),(144,'Lovato','lilia.contreras@gmail.com','Javier','998 725 408'),(145,'León','mercedes.rincon@hotmail.com','Juan Carlos','930-455-103'),(146,'Ontiveros','timoteo.hinojosa@yahoo.com','Miguel Ángel','926753355'),(147,'Alemán','carlos.brito@hotmail.com','Ramón','933-435-144'),(148,'Sanches','sofia.olmos@yahoo.com','Cristian','954781899'),(149,'Paredes','mariaelena.correa@gmail.com','Carla','969.038.159'),(150,'Tafoya','felipe.rios@gmail.com','Jesús','922965272'),(151,'Quesada','miguel.segura@hotmail.com','Rubén','919 396 792'),(152,'Tirado','fernando.gallardo@hotmail.com','Alejandra','973-922-404'),(153,'Mesa','horacio.molina@gmail.com','Tomás','960.214.989'),(154,'Domínguez','eloisa.montalvo@hotmail.com','Alfonso','998118538'),(155,'Armendáriz','ariadna.concepcion@yahoo.com','Gabriel','910.240.758'),(156,'Luevano','yolanda.leiva@gmail.com','Javier','951.434.264'),(157,'Navarrete','joaquin.curiel@gmail.com','Javier','983-841-820'),(158,'Rincón','jorgeluis.vela@hotmail.com','Jesús','921269478'),(159,'Puente','gustavo.ocasio@yahoo.com','Irene','908 251 428'),(160,'Soliz','ignacio.corral@hotmail.com','Adán','947-524-834'),(161,'Palomino','carmen.magana@yahoo.com','Clemente','940 103 679'),(162,'Vera','juancarlos.fernandez@yahoo.com','Concepción','903-103-626'),(163,'Montes','marcela.tovar@gmail.com','Magdalena','930501391'),(164,'Valentín','joseemilio.alva@yahoo.com','Gonzalo','988 152 483'),(165,'Alva','rosario.ramirez@yahoo.com','Óscar','966.879.589'),(166,'Delgadillo','maricarmen.rael@yahoo.com','Julio César','978 267 521'),(167,'Casares','alberto.alaniz@gmail.com','Tomás','977.109.979'),(168,'Solís','monica.ybarra@yahoo.com','Timoteo','968130805'),(169,'Baca','lola.enriquez@gmail.com','Verónica','955321562'),(170,'Ruelas','jorgeluis.hernadez@gmail.com','María Cristina','984-722-459'),(171,'Polanco','antonio.escobedo@gmail.com','Teresa','915-350-734'),(172,'Lira','lourdes.guerra@yahoo.com','Jaime','970568132'),(173,'Terrazas','alfredo.santiago@hotmail.com','Benjamín','919 293 612'),(174,'López','ignacio.quintana@yahoo.com','Rodrigo','930.022.916'),(175,'Olivárez','rosario.arias@hotmail.com','Sonia','978-567-235'),(176,'Carmona','elena.villareal@yahoo.com','Benjamín','993 424 311'),(177,'Gallardo','ariadna.rios@yahoo.com','José Luis','913 712 472'),(178,'Rael','gabriel.colon@yahoo.com','Ernesto','985 804 411'),(179,'Prado','jose.garibay@hotmail.com','Clara','961 501 829'),(180,'Luna','enrique.meraz@yahoo.com','Nicolás','913 125 386'),(181,'Cano','samuel.maldonado@hotmail.com','Sergio','909-747-687'),(182,'Contreras','roberto.rojas@gmail.com','Alfonso','964 748 593'),(183,'Ruelas','gonzalo.ojeda@yahoo.com','María Soledad','932393452'),(184,'Pantoja','ana.bustos@hotmail.com','Arturo','991193253'),(185,'Ríos','clemente.prado@hotmail.com','Mercedes','918686872'),(186,'Lozano','rebeca.guillen@gmail.com','Teodoro','990 525 715'),(187,'Domínquez','lucas.samaniego@gmail.com','María Luisa','949611454'),(188,'Murillo','cristian.valentin@gmail.com','Silvia','970-019-735'),(189,'Tapia','andres.garica@yahoo.com','Lucia','970.372.497'),(190,'Caldera','octavio.suarez@gmail.com','Leticia','913-536-292'),(191,'Ocampo','rosa.rodrigez@gmail.com','Gloria','987.385.685'),(192,'Pedraza','emilia.dominguez@gmail.com','Javier','900.121.491'),(193,'Delapaz','barbara.paz@hotmail.com','María','991 248 466'),(194,'Toro','rosario.espinal@yahoo.com','Daniel','986068905'),(195,'Camarillo','isabela.veliz@gmail.com','Manuel','985612852'),(196,'Huerta','maricarmen.riojas@hotmail.com','Verónica','969 508 620'),(197,'Montemayor','marcoantonio.paez@hotmail.com','Mateo','991 123 743'),(198,'Jaramillo','leticia.juarez@hotmail.com','Débora','962 473 377'),(199,'Godoy','monica.lugo@yahoo.com','Nicolás','976.290.854'),(200,'Hernandes','ernesto.tirado@gmail.com','Ignacio','983.658.028'),(201,'Duarte','fernando.malave@hotmail.com','Blanca','942900819'),(202,'Galarza','juan.mata@gmail.com','Carmen','953 306 540'),(203,'Rodrígez','luismiguel.cintron@hotmail.com','Benito','938-676-695'),(204,'Raya','irene.aranda@gmail.com','Guillermo','961.806.420'),(205,'Laboy','maricarmen.baez@gmail.com','Joaquín','915 320 034'),(206,'Estrada','laura.pizarro@gmail.com','Nicolás','980-989-609'),(207,'Trejo','mariana.garcia@gmail.com','Lucas','983 716 540'),(208,'Razo','cesar.palomino@hotmail.com','José','946089496'),(209,'Barrera','victor.urias@yahoo.com','Rosalia','996.531.647'),(210,'Sanches','jose.benavides@yahoo.com','Eva','947-193-199'),(211,'Saldivar','bernardo.rios@yahoo.com','Conchita','980 826 964'),(212,'Vela','sofia.frias@yahoo.com','Magdalena','937535144'),(213,'Soria','octavio.pacheco@gmail.com','Armando','904639490'),(214,'Mejía','gustavo.amaya@yahoo.com','Samuel','996938312'),(215,'Galarza','adela.barraza@hotmail.com','Patricio','917817830'),(216,'Feliciano','florencia.ybarra@yahoo.com','Lorena','997 404 141'),(217,'Posada','santiago.pena@hotmail.com','José Luis','994-902-760'),(218,'Sáenz','victor.navarro@hotmail.com','Mercedes','978.197.591'),(219,'Coronado','alfredo.chavez@yahoo.com','Sergio','951 144 386'),(220,'Soto','nicolas.figueroa@yahoo.com','Roberto','954 957 803'),(221,'Macías','natalia.pelayo@gmail.com','Gabriela','996.454.719'),(222,'Dueñas','marcos.vega@gmail.com','Raquel','978 462 790'),(223,'Alfaro','rosalia.rivera@yahoo.com','Susana','907.314.138'),(224,'Flores','marialuisa.barreto@hotmail.com','Vicente','940.966.287'),(225,'Zarate','carolina.chavez@hotmail.com','Pablo','947 011 990'),(226,'Medrano','lucia.dominquez@hotmail.com','Ángela','930603598'),(227,'Nieto','manuela.armenta@hotmail.com','Graciela','978-402-405'),(228,'Amador','rosa.almanza@gmail.com','Laura','959 967 493'),(229,'Loya','berta.crespo@hotmail.com','Eduardo','963641277'),(230,'Olvera','sancho.pabon@gmail.com','Isabel','986-933-791'),(231,'Núñez','veronica.salazar@gmail.com','Ana','928.595.405'),(232,'Corona','antonio.duenas@hotmail.com','Gonzalo','984 243 125'),(233,'Porras','jacobo.gollum@yahoo.com','Julio César','914-154-555'),(234,'Aparicio','teresa.jaimes@hotmail.com','Timoteo','964-919-103'),(235,'Martínez','dolores.carranza@gmail.com','Florencia','940 097 719'),(236,'Delao','elvira.mata@hotmail.com','Ana María','914 958 493'),(237,'Zarate','juancarlos.arevalo@yahoo.com','Teresa','997.867.934'),(238,'Tijerina','luz.santacruz@gmail.com','Julio','907153689'),(239,'Moya','concepcion.gaytan@yahoo.com','Emilia','973.337.383'),(240,'Villalpando','alfonso.nazario@gmail.com','Juan Carlos','908-811-262'),(241,'Adorno','jacobo.nava@hotmail.com','Olivia','969 014 580'),(242,'Pabón','claudia.llamas@yahoo.com','Guillermo','914762671'),(243,'Candelaria','emilia.nino@gmail.com','Sara','907-506-699'),(244,'Puga','eloisa.serrano@yahoo.com','Alberto','906.921.192'),(245,'Sotelo','joaquin.espinosa@yahoo.com','César','970 327 051'),(246,'Adame','victor.urbina@yahoo.com','Rodrigo','939 744 693'),(247,'Salgado','alicia.saldana@yahoo.com','María Soledad','942.195.231'),(248,'Banda','enrique.madera@yahoo.com','Catalina','976-236-029'),(249,'Estévez','joaquin.marin@yahoo.com','Ariadna','946-547-313'),(250,'Jáquez','oscar.castellanos@gmail.com','Javier','952 673 708'),(251,'Escalante','francisca.pantoja@yahoo.com','Julio','993 115 450'),(252,'Abreu','mayte.bahena@hotmail.com','Gustavo','993-570-069'),(253,'Colunga','guillermo.carmona@gmail.com','Sofia','988.206.870'),(254,'Navarro','ruben.velez@gmail.com','Ignacio','969-376-366'),(255,'Merino','horacio.lira@yahoo.com','Carla','998232712'),(256,'Guajardo','mariajose.nieto@hotmail.com','Berta','952-297-826'),(257,'Barajas','eduardo.villegas@yahoo.com','Amalia','989.986.177'),(258,'Rojas','nicolas.alva@hotmail.com','Ramona','970-581-972'),(259,'Garibay','enrique.luevano@gmail.com','Cristobal','952.076.395'),(260,'Rojo','luismiguel.cordova@yahoo.com','Florencia','921-847-797'),(261,'Arias','sergio.villalobos@gmail.com','María José','970734324'),(262,'Acosta','juana.camacho@yahoo.com','Raúl','994.976.548'),(263,'Anaya','arturo.ramirez@yahoo.com','Víctor','961.745.444'),(264,'Águilar','eva.chavez@gmail.com','Óscar','959 398 040'),(265,'Negrete','veronica.delafuente@hotmail.com','Mercedes','968-760-992'),(266,'Águilar','eloisa.garica@hotmail.com','Miguel','966908300'),(267,'Mercado','pilar.galarza@hotmail.com','Alfonso','936-872-485'),(268,'Ortega','lucas.ibarra@gmail.com','Patricia','986 295 622'),(269,'Robledo','juancarlos.maestas@hotmail.com','Jorge Luis','919-591-563'),(270,'Henríquez','yolanda.zapata@gmail.com','María Eugenia','975 807 633'),(271,'Hidalgo','alfonso.brito@yahoo.com','Jesús','952-204-461'),(272,'Zelaya','diana.cortes@gmail.com','Carlota','933-419-023'),(273,'Soto','elena.salcido@hotmail.com','Carla','945.283.013'),(274,'Suárez','ana.canales@yahoo.com','Sofia','947 973 350'),(275,'Dueñas','teresa.vela@yahoo.com','Ariadna','975 156 169'),(276,'Ojeda','beatriz.adorno@hotmail.com','Adriana','959-071-670'),(277,'Sepúlveda','federico.ojeda@hotmail.com','Lucia','951 077 869'),(278,'Posada','raul.vega@hotmail.com','Eduardo','999575350'),(279,'Lerma','victoria.flores@hotmail.com','Bernardo','928.556.379'),(280,'Rojo','emilia.samaniego@gmail.com','Andrea','965892881'),(281,'Gamboa','lorena.benavides@yahoo.com','César','960137166'),(282,'Esquibel','leonor.arredondo@yahoo.com','Berta','926706563'),(283,'Olivares','mariano.hernandes@hotmail.com','Concepción','910.372.878'),(284,'Galindo','leticia.delacruz@yahoo.com','Olivia','955221104'),(285,'Aparicio','miguel.chavez@gmail.com','Alfonso','940 864 578'),(286,'Lucio','octavio.adorno@gmail.com','Arturo','909-737-971'),(287,'Jáquez','marcoantonio.dejesus@gmail.com','Alfredo','932198435'),(288,'Adame','benjamin.delrio@yahoo.com','Alfredo','937.195.330'),(289,'Lozada','florencia.espinosa@gmail.com','María Teresa','907033972'),(290,'Bonilla','gerardo.escobar@hotmail.com','Luis Miguel','943.645.999'),(291,'Alvarez','mariaelena.pizarro@yahoo.com','Elisa','927.838.688'),(292,'Alejandro','rafael.alicea@hotmail.com','Jorge','983 075 515'),(293,'Longoria','luismiguel.caraballo@hotmail.com','María Teresa','910601305'),(294,'Hurtado','martin.nevarez@gmail.com','Lorenzo','969.766.476'),(295,'Santana','ramiro.montano@yahoo.com','Guillermina','930 743 437'),(296,'Arriaga','teodoro.olivarez@hotmail.com','Homero','977 012 898'),(297,'Alba','octavio.medrano@yahoo.com','Enrique','981871061'),(298,'Pagan','lola.vigil@hotmail.com','Leonor','974.211.208'),(299,'Villaseñor','gerardo.prieto@yahoo.com','Antonia','910 837 655'),(300,'Galindo','virginia.olvera@gmail.com','Antonio','954573976'),(301,'Avilés','mariateresa.almanza@hotmail.com','María José','934.433.228'),(302,'Polanco','sara.alonzo@yahoo.com','María','919.043.473'),(303,'Santana','berta.peralta@gmail.com','Claudia','908.668.920'),(304,'Caraballo','adan.gaytan@yahoo.com','Rosario','914 504 033'),(305,'Alvarado','blanca.carvajal@yahoo.com','Ester','997-896-523'),(306,'García','teodoro.madera@hotmail.com','Jorge','913-349-703'),(307,'Tórrez','gerardo.espinoza@hotmail.com','Soledad','929478167'),(308,'Paredes','mercedes.pantoja@gmail.com','Jorge Luis','902362291'),(309,'Montoya','ana.colon@gmail.com','Jorge','948 118 255'),(310,'Sáenz','adriana.concepcion@hotmail.com','Alberto','966437041'),(311,'Torres','mariasoledad.malave@gmail.com','Esteban','939-199-214'),(312,'Pedraza','victoria.arana@hotmail.com','Ana Luisa','945611927'),(313,'Palomino','teresa.parra@gmail.com','Ramiro','969.265.299'),(314,'Gómez','gerardo.crespo@gmail.com','Pedro','931 110 543'),(315,'Ramos','antonia.peres@gmail.com','Catalina','915-048-331'),(316,'Ramos','marisol.rivero@yahoo.com','Virginia','922 956 704'),(317,'Olivares','sancho.canales@yahoo.com','Natalia','932.957.850'),(318,'Orta','leonor.ulibarri@gmail.com','Amalia','914.685.600'),(319,'Olivera','david.rosario@gmail.com','Ana','989 550 113'),(320,'Márquez','victor.rodriquez@yahoo.com','Pedro','948.878.027'),(321,'Reynoso','julio.alanis@gmail.com','Mercedes','982-352-304'),(322,'Posada','hernan.archuleta@yahoo.com','Nicolás','901.330.884'),(323,'Aguilera','angela.aleman@hotmail.com','Agustín','936-128-601'),(324,'Carbajal','esperanza.sierra@yahoo.com','María Luisa','936602684'),(325,'Gamez','jorgeluis.vigil@gmail.com','Javier','902453873'),(326,'Barragán','mario.escamilla@hotmail.com','Elena','941-721-363'),(327,'Montero','laura.vela@gmail.com','Sergio','957.562.590'),(328,'Cintrón','virginia.quiroz@gmail.com','Eva','956.209.114'),(329,'Esquivel','juana.godinez@gmail.com','Inés','963357054'),(330,'Ávila','cristina.escamilla@yahoo.com','Ariadna','929 486 878'),(331,'Córdova','antonia.betancourt@hotmail.com','Rosario','913.252.952'),(332,'Badillo','mario.yanez@yahoo.com','Blanca','991582451'),(333,'Casas','gerardo.martinez@hotmail.com','Horacio','971800762'),(334,'Brito','ines.cruz@hotmail.com','Verónica','958.941.855'),(335,'Carranza','rosario.dejesus@gmail.com','Bernardo','983836185'),(336,'Quiñones','armando.reyes@yahoo.com','Concepción','983.099.226'),(337,'Vergara','estela.magana@gmail.com','Joaquín','927760256'),(338,'Cardona','mayte.rincon@yahoo.com','Concepción','989-762-564'),(339,'Domínguez','elvira.morales@yahoo.com','Guillermina','907.800.233'),(340,'Urbina','mariaeugenia.carrasco@gmail.com','Jorge Luis','926828442'),(341,'Caballero','luismiguel.gallardo@gmail.com','Mateo','925.746.438'),(342,'Lucero','benjamin.bahena@yahoo.com','Guillermo','902-853-064'),(343,'Venegas','caridad.mares@hotmail.com','Ana María','920230217'),(344,'Caraballo','martin.carrera@yahoo.com','Esteban','912-502-241'),(345,'Nazario','adela.briones@yahoo.com','Enrique','981-403-765'),(346,'de Jesús','carlota.robles@yahoo.com','Rosario','903-017-886'),(347,'Orellana','adriana.chapa@gmail.com','Claudia','939.222.954'),(348,'Granado','isabela.perez@gmail.com','Daniel','918-276-280'),(349,'Mayorga','lorenzo.amaya@gmail.com','Mayte','942.914.019'),(350,'Villareal','micaela.saldivar@hotmail.com','Enrique','932028087'),(351,'Vázquez','sofia.tafoya@yahoo.com','Margarita','985 790 037'),(352,'Balderas','arturo.hinojosa@hotmail.com','Ignacio','906.807.257'),(353,'Barreto','hugo.gutierrez@gmail.com','Lola','999.562.755'),(354,'Palomo','eloisa.mendez@hotmail.com','Miguel','989 196 784'),(355,'Cavazos','cecilia.madrigal@gmail.com','Fernando','931 539 761'),(356,'Uribe','teresa.vela@hotmail.com','María José','918418348'),(357,'Suárez','ernesto.mojica@yahoo.com','Concepción','993 512 688'),(358,'Salinas','carlos.pichardo@gmail.com','Hugo','939.306.525'),(359,'Ramos','conchita.delao@gmail.com','Cristian','952413150'),(360,'Uribe','cristobal.centeno@hotmail.com','Carmen','973.530.829'),(361,'Razo','dorotea.carvajal@gmail.com','Eva','997-141-926'),(362,'Galarza','blanca.ortega@hotmail.com','Patricio','978257659'),(363,'Rojo','maricarmen.arias@yahoo.com','Esperanza','979-221-378'),(364,'Espino','francisca.romo@hotmail.com','Andrés','980900898'),(365,'Garza','juancarlos.mota@yahoo.com','María del Carmen','960 703 035'),(366,'López','josefina.salazar@hotmail.com','Cristina','910-348-263'),(367,'Arenas','monica.herrera@gmail.com','Adela','907-630-365'),(368,'Jaimes','maria.alarcon@hotmail.com','Laura','924399347'),(369,'Palomo','marialuisa.villagomez@hotmail.com','Luz','941 814 001'),(370,'Macías','amalia.flores@gmail.com','Barbara','986 298 261'),(371,'Cervántez','antonia.garay@yahoo.com','Lucas','998 939 987'),(372,'Ferrer','mariajose.becerra@hotmail.com','Estela','914-930-708'),(373,'Tórrez','barbara.rivero@gmail.com','Benjamín','930918803'),(374,'Molina','elena.quintana@yahoo.com','Caridad','959391555'),(375,'Pabón','maricarmen.menchaca@gmail.com','María Luisa','996.567.099'),(376,'Águilar','armando.ramirez@hotmail.com','Gerardo','975 050 473'),(377,'Palomino','leticia.heredia@gmail.com','Verónica','955 844 122'),(378,'Lara','joaquin.chavarria@hotmail.com','Marcela','906-270-958'),(379,'Manzanares','daniel.burgos@hotmail.com','Ester','908331806'),(380,'Correa','antonia.melendez@yahoo.com','Andrea','916.467.973'),(381,'Murillo','marta.yanez@yahoo.com','Tomás','931686084'),(382,'Dueñas','benjamin.gonzales@yahoo.com','Mónica','993 794 692'),(383,'Fernández','lucas.garcia@hotmail.com','Diego','928-956-826'),(384,'Granado','eduardo.tovar@yahoo.com','Rodrigo','951904501'),(385,'Barrera','jaime.quintanilla@hotmail.com','Rosa','988 697 880'),(386,'Flórez','marisol.cornejo@hotmail.com','Rosa','920-104-168'),(387,'Soliz','julio.carmona@gmail.com','Gerardo','901.407.068'),(388,'Bustamante','gerardo.soria@gmail.com','Jerónimo','994.066.616'),(389,'Bustamante','emilia.gutierrez@yahoo.com','Mariano','987485227'),(390,'Cerda','bernardo.agosto@gmail.com','Verónica','955290156'),(391,'Rangel','josefina.cabrera@hotmail.com','Juana','911-778-960'),(392,'Barraza','lilia.cepeda@hotmail.com','Jesús','971-498-959'),(393,'Almanza','susana.nazario@hotmail.com','Juan','975-971-171'),(394,'Alcántar','diana.casanova@hotmail.com','Ramón','907 101 500'),(395,'Tafoya','adela.delafuente@hotmail.com','Reina','953 535 023'),(396,'Barreto','manuela.badillo@gmail.com','Jesús','921313488'),(397,'Mojica','magdalena.balderas@yahoo.com','Ramiro','929-330-443'),(398,'Limón','soledad.feliciano@yahoo.com','Florencia','927035599'),(399,'Delrío','rosario.velasquez@hotmail.com','Raquel','968.015.263'),(400,'Osorio','monica.vela@gmail.com','Cristian','953-554-178'),(401,'Ortega','felipe.rojas@hotmail.com','Carlos','950-418-632'),(402,'Lerma','cristobal.renteria@yahoo.com','Mariana','962.013.443'),(403,'Blanco','emilia.aleman@yahoo.com','Hernán','982795411'),(404,'Escamilla','ramon.ramirez@hotmail.com','Ana María','962.959.820'),(405,'Llamas','marcela.corral@hotmail.com','Lola','942 375 439'),(406,'Mota','caridad.concepcion@hotmail.com','Ana','910.194.570'),(407,'Barela','cesar.toledo@yahoo.com','Norma','907083760'),(408,'Carranza','ramona.concepcion@gmail.com','Marcela','951.148.126'),(409,'Pabón','julia.verduzco@gmail.com','Elvira','928.163.942'),(410,'Maldonado','andres.matos@yahoo.com','Teodoro','990 647 717'),(411,'Bonilla','mario.gurule@hotmail.com','Carmen','985-013-492'),(412,'Granado','ruben.ortega@yahoo.com','María Teresa','968 507 103'),(413,'Romo','guillermo.godoy@gmail.com','Victoria','968.882.831'),(414,'Delagarza','juancarlos.otero@gmail.com','Adela','994331782'),(415,'Ríos','estela.padilla@yahoo.com','José María','978 682 010'),(416,'Gastélum','alfonso.nieves@gmail.com','Catalina','922.686.992'),(417,'Delao','antonia.tamayo@gmail.com','Raquel','925805173'),(418,'Dueñas','lorenzo.cano@hotmail.com','David','954.804.801'),(419,'Galindo','jesus.castillo@yahoo.com','Margarita','915.250.968'),(420,'Solorio','joseluis.dominquez@hotmail.com','Norma','964 932 261'),(421,'Esquivel','mariano.rangel@yahoo.com','Cristina','942177792'),(422,'Araña','angela.galarza@gmail.com','Marcela','979.269.561'),(423,'Garay','reina.canales@gmail.com','Arturo','936 213 566'),(424,'Reséndez','julio.montez@yahoo.com','Rubén','958.924.475'),(425,'Aguirre','fernando.regalado@yahoo.com','Roberto','990319603'),(426,'Rael','timoteo.guardado@hotmail.com','Rosa','937 014 340'),(427,'Águilar','rosa.arevalo@hotmail.com','Ana María','966-542-075'),(428,'Páez','sancho.lucero@gmail.com','Guillermina','909-515-020'),(429,'Segura','maricarmen.gaytan@yahoo.com','Ester','977592688'),(430,'Sosa','andres.aguirre@hotmail.com','Clemente','928 628 114'),(431,'Becerra','mariana.ortiz@yahoo.com','Elvira','926042073'),(432,'Armas','emilio.cuellar@hotmail.com','Luz','939 030 253'),(433,'Patiño','alejandra.carrera@yahoo.com','Berta','919589041'),(434,'Vergara','isabela.jiminez@hotmail.com','Andrés','981-380-794'),(435,'Casanova','rosalia.laboy@hotmail.com','Lorena','936.422.821'),(436,'Aranda','manuel.flores@hotmail.com','Alfredo','993-435-040'),(437,'Arteaga','roberto.paredes@gmail.com','Agustín','994361171'),(438,'Zayas','jaime.tirado@hotmail.com','Gabriela','978-969-400'),(439,'Roldán','ramona.tejada@yahoo.com','Víctor','965 621 088'),(440,'Carrera','lorenzo.santana@hotmail.com','Maricarmen','905399934'),(441,'Vanegas','yolanda.reyna@yahoo.com','Mónica','962201739'),(442,'Carbajal','laura.montanez@hotmail.com','Agustín','934680026'),(443,'Valladares','eduardo.delgado@yahoo.com','Alberto','916 766 598'),(444,'Llamas','monica.salcido@gmail.com','Agustín','918-754-615'),(445,'García','elsa.banuelos@yahoo.com','Inés','959658139'),(446,'Rael','carlota.huerta@yahoo.com','Beatriz','916847716'),(447,'Posada','adriana.alonso@yahoo.com','Armando','987.398.369'),(448,'Montalvo','alberto.carrero@yahoo.com','Javier','954 654 647'),(449,'Pelayo','dolores.galvan@yahoo.com','Elsa','909.162.117'),(450,'Rosales','elsa.leiva@yahoo.com','Josefina','962 174 268'),(451,'Ojeda','norma.armenta@gmail.com','Cristobal','958.636.416'),(452,'Burgos','arturo.chavarria@hotmail.com','Teodoro','973318909'),(453,'Medrano','sancho.linares@yahoo.com','Samuel','901.001.523'),(454,'Márquez','adela.vigil@gmail.com','Carlota','975 606 798'),(455,'Romo','miguelangel.meraz@hotmail.com','Javier','981533963'),(456,'Hidalgo','marisol.cabrera@gmail.com','Alberto','951 350 988'),(457,'Aguilera','alfonso.granado@hotmail.com','Federico','999.678.446'),(458,'Terrazas','joseemilio.mercado@hotmail.com','Jerónimo','974 067 674'),(459,'Almanza','adriana.calderon@hotmail.com','Andrés','929.732.388'),(460,'Ornelas','rosalia.feliciano@yahoo.com','Sofia','910.042.177'),(461,'Rodríguez','yolanda.robledo@yahoo.com','Barbara','936124036'),(462,'Granados','mariaeugenia.baez@hotmail.com','Daniela','916.937.221'),(463,'Saldivar','rocio.casares@yahoo.com','Ricardo','981375137'),(464,'Moreno','teresa.roybal@yahoo.com','Fernando','906-822-217'),(465,'Delarosa','ramon.puga@yahoo.com','Inés','947.140.643'),(466,'Zapata','jaime.baeza@hotmail.com','Raquel','914-622-517'),(467,'Mata','mariadelcarmen.acevedo@hotmail.com','Esteban','974.285.771'),(468,'Fuentes','nicolas.alaniz@gmail.com','Claudio','990.331.352'),(469,'Alanis','juana.fuentes@yahoo.com','David','945-769-518'),(470,'Villaseñor','gustavo.romo@gmail.com','Clemente','928 026 999'),(471,'Quezada','elsa.alvarado@gmail.com','Hernán','996-670-478'),(472,'Vega','anita.samaniego@hotmail.com','Ernesto','964619803'),(473,'Valdez','victoria.rosales@gmail.com','Jerónimo','972.770.498'),(474,'Santillán','analuisa.carrasco@hotmail.com','Daniela','993864640'),(475,'Gollum','adan.ocasio@gmail.com','Adán','998 430 730'),(476,'Casares','florencia.hernandez@yahoo.com','Marcela','980 360 415'),(477,'Rico','salvador.pelayo@hotmail.com','Barbara','984-535-663'),(478,'Patiño','cesar.lucio@yahoo.com','Vicente','954.213.198'),(479,'Ordóñez','juliocesar.casares@hotmail.com','Rafael','917-170-985'),(480,'Córdova','mariasoledad.villa@hotmail.com','Luis','937 977 052'),(481,'Fierro','gregorio.trejo@hotmail.com','Julia','905-840-506'),(482,'Baca','ramiro.noriega@yahoo.com','Jacobo','951-971-119'),(483,'Tejada','raquel.lugo@gmail.com','Nicolás','969 690 333'),(484,'Lozano','luismiguel.salinas@hotmail.com','Cristina','978-716-871'),(485,'Moreno','elsa.covarrubias@yahoo.com','Luis Miguel','945-278-563'),(486,'Melgar','virginia.bustos@gmail.com','Margarita','971643877'),(487,'Guardado','guillermo.trevino@yahoo.com','Cristian','944 543 077'),(488,'Concepción','elisa.lucero@yahoo.com','Lola','995-114-800'),(489,'Godínez','alejandro.anaya@gmail.com','Esperanza','990524530'),(490,'Valentín','elsa.adame@hotmail.com','José María','911 667 652'),(491,'Lozano','isabel.mercado@hotmail.com','Alfredo','951 486 328'),(492,'Tamez','benito.suarez@yahoo.com','Cristian','912 878 243'),(493,'Posada','mercedes.echevarria@yahoo.com','Alfredo','902-102-878'),(494,'Macías','claudia.lozano@hotmail.com','Ana María','959.513.944'),(495,'Báez','ramon.maya@yahoo.com','María Teresa','931.907.481'),(496,'Godoy','alfonso.acosta@hotmail.com','Federico','978-971-596'),(497,'Solorio','isabel.salas@gmail.com','Eloisa','904-181-548'),(498,'Saavedra','margarita.lebron@hotmail.com','Timoteo','983-949-233'),(499,'Trejo','marialuisa.prieto@hotmail.com','Virginia','915-414-960'),(500,'Montemayor','olivia.urena@gmail.com','Tomás','989830207'),(501,'Cordero','federico.veliz@gmail.com','Enrique','996 956 115'),(502,'Caballero','adan.llamas@gmail.com','Juana','926.608.109'),(503,'Deleón','miguelangel.batista@hotmail.com','Marco Antonio','994 379 990'),(504,'Acosta','manuel.patino@gmail.com','Claudio','973 244 670'),(505,'Juárez','manuel.garcia@yahoo.com','Hernán','987.051.693'),(506,'Rangel','mateo.duenas@yahoo.com','Joaquín','908 946 355'),(507,'Delacrúz','mariacristina.mondragon@hotmail.com','Alicia','997-124-450'),(508,'Granados','julia.alanis@yahoo.com','Rafael','968-885-266'),(509,'Reyes','alejandro.salgado@gmail.com','Sofia','930048194'),(510,'Olivárez','mariano.sandoval@hotmail.com','Enrique','904233453'),(511,'Ozuna','lorenzo.montalvo@gmail.com','Claudio','960.102.969'),(512,'Zarate','ramiro.malave@gmail.com','Laura','947-454-559'),(513,'Caraballo','rodrigo.hernandes@yahoo.com','Arturo','971.095.917'),(514,'González','ramona.rodrigez@yahoo.com','Julio','990.974.235'),(515,'Ibarra','mariateresa.marin@yahoo.com','Lorenzo','999 752 595'),(516,'Cornejo','victoria.ocampo@hotmail.com','Mariana','921.688.284'),(517,'Sanabria','marcoantonio.muro@gmail.com','José Emilio','965-567-762'),(518,'Armenta','yolanda.zarate@hotmail.com','Cecilia','990 099 260'),(519,'Cotto','sonia.alva@yahoo.com','Ariadna','939-032-518'),(520,'Barrera','timoteo.matias@hotmail.com','Federico','977 733 665'),(521,'Gil','pedro.alanis@gmail.com','Conchita','971 016 191'),(522,'Vaca','david.cortez@gmail.com','Gonzalo','961-913-529'),(523,'Gallardo','rosario.guzman@gmail.com','Gregorio','977 420 046'),(524,'Montemayor','virginia.briones@gmail.com','Rocio','980591108'),(525,'Saiz','eduardo.agosto@hotmail.com','María Eugenia','912.953.339'),(526,'Alonzo','pilar.santillan@gmail.com','Manuel','964 085 120'),(527,'Atencio','esperanza.vallejo@hotmail.com','Samuel','984.497.027'),(528,'Alvarado','lucia.anguiano@hotmail.com','Teresa','942522754'),(529,'Casanova','cristina.tirado@gmail.com','María','950 623 969'),(530,'Santana','leonor.toro@hotmail.com','Luisa','974 186 564'),(531,'Venegas','gustavo.canales@gmail.com','Francisca','957-223-246'),(532,'Cano','antonia.cornejo@hotmail.com','Sergio','934.924.758'),(533,'Rojas','victoria.loya@yahoo.com','Raúl','901.051.859'),(534,'Alvarez','berta.cuellar@yahoo.com','Magdalena','938.153.319'),(535,'Osorio','luis.quiroz@yahoo.com','Daniela','981-832-281'),(536,'Viera','claudio.deleon@hotmail.com','Dorotea','967-845-655'),(537,'Villagómez','mariaelena.salas@yahoo.com','María Elena','913 234 707'),(538,'Camacho','juliocesar.torres@yahoo.com','Berta','905506079'),(539,'Vigil','benito.mata@gmail.com','Julio','946 697 607'),(540,'Camarillo','jacobo.pulido@yahoo.com','Raúl','958021890'),(541,'Tafoya','santiago.arellano@gmail.com','María Luisa','942-744-296'),(542,'Cervantes','guillermo.lira@gmail.com','Tomás','934-602-401'),(543,'Rivas','felipe.galvez@hotmail.com','Catalina','972 982 540'),(544,'Alcaraz','cecilia.romo@hotmail.com','Cristina','989.540.788'),(545,'Granado','emilio.vazquez@hotmail.com','Cristian','976104362'),(546,'Malave','andrea.leon@hotmail.com','Pilar','959077433'),(547,'Roldán','manuel.calderon@yahoo.com','Nicolás','915678647'),(548,'Riojas','jesus.diaz@yahoo.com','Juan Carlos','948.246.339'),(549,'Osorio','ester.gonzales@gmail.com','Carlota','914 930 602'),(550,'Zapata','ramona.carranza@yahoo.com','David','919.657.939'),(551,'Olivera','hernan.colon@hotmail.com','Julio César','960 745 199'),(552,'Barela','alberto.morales@yahoo.com','Dorotea','918394751'),(553,'Cedillo','gonzalo.samaniego@hotmail.com','Micaela','917.231.651'),(554,'Cabrera','anita.aranda@hotmail.com','Gloria','970416040'),(555,'Muñoz','jacobo.ledesma@hotmail.com','Dorotea','932700047'),(556,'Carrion','caridad.ferrer@hotmail.com','Barbara','917.263.553'),(557,'Montaño','mariasoledad.guillen@gmail.com','Beatriz','985-471-484'),(558,'Villarreal','mariacristina.olvera@gmail.com','Isabela','936 807 936'),(559,'Sosa','samuel.ulibarri@gmail.com','María Eugenia','947.777.818'),(560,'Menchaca','pablo.guardado@hotmail.com','Rocio','909-605-098'),(561,'García','lorenzo.dominguez@hotmail.com','Ramiro','986 513 667'),(562,'Quiñones','miguelangel.escobedo@hotmail.com','Mariano','905-429-229'),(563,'Miranda','magdalena.rivas@hotmail.com','Estela','961807358'),(564,'Muñiz','lorenzo.ocasio@yahoo.com','Federico','965-325-652'),(565,'Leiva','hernan.nava@yahoo.com','Teodoro','922 863 429'),(566,'Gonzales','rodrigo.saiz@gmail.com','Marisol','900-791-972'),(567,'Rangel','elsa.quiroz@yahoo.com','Emilio','933-146-135'),(568,'Frías','rosa.terrazas@yahoo.com','Cristobal','948.592.859'),(569,'Nazario','amalia.acevedo@hotmail.com','Miguel Ángel','966119800'),(570,'Loya','luz.benavides@yahoo.com','Blanca','987 526 869'),(571,'Arriaga','graciela.padron@yahoo.com','Guillermina','957350316'),(572,'Lemus','samuel.arevalo@yahoo.com','Ana Luisa','927346235'),(573,'Pedroza','alejandro.prado@hotmail.com','César','941.036.423'),(574,'Rascón','victor.puga@hotmail.com','Andrés','980 181 053'),(575,'Noriega','marcoantonio.badillo@gmail.com','Javier','984.070.290'),(576,'Rosas','natalia.adame@yahoo.com','Teodoro','995.848.166'),(577,'Luevano','miguelangel.ramirez@hotmail.com','Felipe','942-805-931'),(578,'Adame','ramon.gallegos@yahoo.com','Ramona','930 758 077'),(579,'Tejeda','mariacristina.grijalva@yahoo.com','Elvira','965063527'),(580,'Lemus','arturo.arce@hotmail.com','María Eugenia','928 756 654'),(581,'Orellana','cesar.carbajal@hotmail.com','Luis','931 480 186'),(582,'Collado','olivia.lara@yahoo.com','Cristian','912.415.979'),(583,'Ferrer','gustavo.palomino@hotmail.com','Lorenzo','955-956-322'),(584,'Olivares','horacio.rosado@hotmail.com','Clara','979-068-350'),(585,'Ortega','samuel.ojeda@yahoo.com','Clara','927.176.070'),(586,'Galarza','martin.bravo@yahoo.com','Armando','922-271-631'),(587,'Véliz','monica.navarrete@gmail.com','Sofia','984842336'),(588,'Razo','alfredo.quiroz@gmail.com','Alfonso','941418257'),(589,'Gurule','reina.galindo@yahoo.com','Hugo','911928239'),(590,'Sotelo','cristobal.pizarro@gmail.com','Vicente','912 884 884'),(591,'Sotelo','dolores.sepulveda@hotmail.com','Ignacio','918706266'),(592,'Guevara','norma.carvajal@hotmail.com','Ignacio','993 125 310'),(593,'Ceja','alfonso.juarez@yahoo.com','Alberto','915-139-962'),(594,'Orosco','cristobal.iglesias@hotmail.com','Irene','945568175'),(595,'Cotto','cristina.ceja@yahoo.com','Conchita','919.796.507'),(596,'Villarreal','laura.gamez@yahoo.com','Norma','944-011-708'),(597,'Almonte','lorena.fonseca@yahoo.com','Hugo','973049876'),(598,'Preciado','anita.caldera@gmail.com','Javier','913 215 766'),(599,'Peralta','enrique.zambrano@hotmail.com','Victoria','908-542-382'),(600,'Cavazos','alberto.trujillo@hotmail.com','Anita','917-626-092'),(601,'Gaytán','lorena.mercado@hotmail.com','Daniel','965304213'),(602,'Espinosa','raquel.aleman@yahoo.com','Eva','995-409-069'),(603,'Villaseñor','alejandra.barrientos@hotmail.com','Gilberto','926501570'),(604,'Mares','luis.olvera@gmail.com','Salvador','983-083-407'),(605,'Corrales','felipe.delgado@yahoo.com','Rafael','978150456'),(606,'Cazares','ariadna.montemayor@yahoo.com','Federico','982500935'),(607,'Téllez','ignacio.casanova@yahoo.com','Olivia','928-038-739'),(608,'Caraballo','norma.haro@hotmail.com','Rocio','966229356'),(609,'Arellano','rebeca.ulloa@gmail.com','Alicia','923 422 578'),(610,'Apodaca','sonia.vela@yahoo.com','Benito','977 160 037'),(611,'Montenegro','ines.ceballos@hotmail.com','Leticia','917-665-242'),(612,'Peña','benjamin.navarrete@yahoo.com','Guadalupe','910 536 853'),(613,'Barrientos','antonia.avalos@hotmail.com','Fernando','900-210-093'),(614,'Alaniz','blanca.correa@gmail.com','Catalina','971543736'),(615,'Munguía','marcoantonio.cerda@gmail.com','Cristobal','986676242'),(616,'Aguirre','luismiguel.zambrano@hotmail.com','Carlos','957170043'),(617,'Valdez','rosalia.duarte@hotmail.com','Lucas','921.688.236'),(618,'Medina','lorenzo.baeza@hotmail.com','Virginia','943.010.591'),(619,'Chavarría','luisa.preciado@hotmail.com','Estela','910.189.751'),(620,'Ureña','olivia.solorio@gmail.com','Antonia','997 114 209'),(621,'Cardenas','jorgeluis.castro@yahoo.com','Horacio','964 597 511'),(622,'Batista','mario.camarillo@hotmail.com','Leticia','990.011.813'),(623,'Salas','gabriel.olivo@yahoo.com','Víctor','992-013-774'),(624,'Cerda','carlos.marroquin@gmail.com','Hugo','963 913 416'),(625,'Collazo','joseluis.pineda@gmail.com','Ariadna','995-667-500'),(626,'Bustos','norma.samaniego@gmail.com','Santiago','947.608.753'),(627,'Ordóñez','angela.perez@hotmail.com','Enrique','916454889'),(628,'Valdivia','margarita.alicea@hotmail.com','Daniel','988.978.400'),(629,'Vélez','dorotea.alcala@yahoo.com','Concepción','934 612 132'),(630,'Cervántez','carlota.carrasquillo@hotmail.com','Esperanza','966338872'),(631,'Jaramillo','victoria.meraz@yahoo.com','José Emilio','938358075'),(632,'Cortés','mayte.orta@yahoo.com','Victoria','941564056'),(633,'Ibarra','lourdes.angulo@yahoo.com','Raquel','989-249-986'),(634,'Orosco','carlota.ceballos@gmail.com','Fernando','953778850'),(635,'Salas','ariadna.quintanilla@hotmail.com','Luisa','948-648-471'),(636,'Delrío','cesar.riojas@hotmail.com','Adán','924-380-931'),(637,'Delarosa','raquel.amaya@hotmail.com','Mariana','910 437 254'),(638,'Pabón','fernando.madera@hotmail.com','Sara','913 804 598'),(639,'Escamilla','alberto.olivarez@hotmail.com','Patricia','963303038'),(640,'Serrano','tomas.montero@yahoo.com','Armando','937-034-321'),(641,'Rivera','barbara.jasso@hotmail.com','Eduardo','913.989.477'),(642,'Gollum','jesus.farias@hotmail.com','Gabriela','989.779.356'),(643,'Alaniz','luismiguel.guardado@hotmail.com','Miguel Ángel','918 410 133'),(644,'Alfaro','analuisa.ozuna@hotmail.com','Antonio','984 576 219'),(645,'Manzanares','beatriz.velez@yahoo.com','Inés','961883906'),(646,'Fuentes','victor.collado@gmail.com','Reina','938 528 884'),(647,'Serrato','ramon.santacruz@hotmail.com','Carolina','983398136'),(648,'Carvajal','angela.delgado@hotmail.com','Emilia','944 808 672'),(649,'Gil','eva.maestas@gmail.com','Martín','942415433'),(650,'Valadez','marilu.carrion@yahoo.com','José','953.343.062'),(651,'Domínquez','rebeca.valdes@gmail.com','Conchita','902-458-810'),(652,'Moreno','francisco.rivera@hotmail.com','Verónica','931-570-226'),(653,'Delacrúz','manuel.chacon@gmail.com','Ignacio','915065126'),(654,'Olivas','lucas.raya@gmail.com','Gregorio','972 116 238'),(655,'García','alejandro.meraz@hotmail.com','Marisol','960.455.482'),(656,'Orellana','miguel.carrillo@yahoo.com','Gerardo','934.110.151'),(657,'Echevarría','luisa.jaime@yahoo.com','Beatriz','998 593 897'),(658,'Bernal','emilio.delrio@gmail.com','María Teresa','966 652 186'),(659,'Alanis','cecilia.lebron@yahoo.com','Horacio','949-941-633'),(660,'Chavarría','francisco.sevilla@gmail.com','Isabela','937.918.049'),(661,'Padilla','laura.renteria@gmail.com','Magdalena','960476992'),(662,'Vega','lilia.alarcon@gmail.com','Ana','942.953.008'),(663,'Valenzuela','mariajose.perea@gmail.com','Samuel','970443106'),(664,'Olivares','jose.barrera@hotmail.com','Samuel','968880106'),(665,'Orta','mariasoledad.rojas@gmail.com','Gabriel','904.025.936'),(666,'Téllez','benito.perez@gmail.com','Cristina','970-539-239'),(667,'Vallejo','ricardo.arredondo@gmail.com','Isabel','989.609.465'),(668,'Saiz','ariadna.orozco@hotmail.com','Ignacio','954.282.708'),(669,'de Anda','elena.palacios@hotmail.com','Alejandro','915217974'),(670,'Galindo','eva.caballero@hotmail.com','Ignacio','950 314 105'),(671,'Gollum','florencia.lucio@hotmail.com','Natalia','948 711 759'),(672,'Lucio','raquel.betancourt@yahoo.com','Jorge Luis','930 340 969'),(673,'Agosto','juancarlos.villegas@gmail.com','José Emilio','944-092-846'),(674,'Barrientos','elsa.verdugo@gmail.com','Ramón','954265430'),(675,'Guajardo','marta.saiz@yahoo.com','Marta','932 545 542'),(676,'Gallardo','lorenzo.aguilar@hotmail.com','Juan Carlos','991.016.596'),(677,'Manzanares','alberto.zamudio@yahoo.com','Manuela','935730162'),(678,'Partida','dorotea.cavazos@yahoo.com','David','977.963.735'),(679,'Rojas','susana.malave@gmail.com','María del Carmen','930-070-033'),(680,'Benítez','lucas.guevara@gmail.com','Julio','943208684'),(681,'Prieto','agustin.carrasco@hotmail.com','Rodrigo','910.912.463'),(682,'Negrete','hernan.varela@gmail.com','Leticia','940.309.027'),(683,'Velasco','alfredo.laboy@gmail.com','Roberto','969962098'),(684,'Vanegas','veronica.flores@hotmail.com','Leonor','942-394-714'),(685,'Méndez','sonia.moreno@gmail.com','Jorge','926-868-755'),(686,'Ceballos','rosalia.aguilera@yahoo.com','César','942-765-733'),(687,'Muñiz','virginia.roybal@yahoo.com','Pedro','958 788 818'),(688,'Saiz','german.alcaraz@hotmail.com','Fernando','932 374 959'),(689,'Bueno','marcoantonio.vigil@gmail.com','Salvador','986763853'),(690,'Fierro','julio.deanda@hotmail.com','Manuel','978 294 162'),(691,'Jimínez','emilio.archuleta@yahoo.com','Amalia','973 550 640'),(692,'Lara','adan.romo@yahoo.com','Raquel','989.547.998'),(693,'Mateo','mayte.quesada@hotmail.com','Lucas','961708255'),(694,'Colunga','gregorio.corral@hotmail.com','Carlos','961-496-546'),(695,'Gracia','victoria.ayala@gmail.com','Adriana','905-546-960'),(696,'Montoya','rebeca.ledesma@hotmail.com','Rubén','999845304'),(697,'Cazares','octavio.miramontes@hotmail.com','José Eduardo','998.914.503'),(698,'Valdés','daniel.arredondo@hotmail.com','Manuela','955104696'),(699,'Olivárez','isabela.barragan@gmail.com','Luisa','949 732 524'),(700,'Reyes','elsa.armijo@gmail.com','Clara','925.415.736'),(701,'Acevedo','sergio.velasco@yahoo.com','Ignacio','993 400 731'),(702,'Gurule','claudia.cruz@hotmail.com','Eloisa','959 060 694'),(703,'Olivárez','gustavo.manzanares@gmail.com','Pilar','987 848 532'),(704,'Téllez','antonio.santana@hotmail.com','Nicolás','976-772-390'),(705,'Menéndez','mariana.carbajal@yahoo.com','Cristina','970-238-017'),(706,'Chávez','rodrigo.mena@gmail.com','Ángela','942.523.536'),(707,'Henríquez','elisa.cedillo@gmail.com','Ramiro','981-742-026'),(708,'Ojeda','federico.cabrera@hotmail.com','Emilia','974.092.402'),(709,'Acosta','lucia.vazquez@yahoo.com','Salvador','953-039-168'),(710,'Santacruz','florencia.archuleta@yahoo.com','José','911-776-415'),(711,'Gamez','luis.santacruz@hotmail.com','Micaela','956 941 362'),(712,'Espinosa','rafael.navarro@hotmail.com','Enrique','981.707.839'),(713,'Alonso','manuela.torres@hotmail.com','Cristina','908 547 532'),(714,'Olivares','margarita.arguello@gmail.com','Reina','906-391-632'),(715,'Quintanilla','alberto.herrera@gmail.com','Rafael','986 433 898'),(716,'Marín','cristina.rosas@hotmail.com','Felipe','992771581'),(717,'Miranda','anamaria.tellez@hotmail.com','María Elena','924.378.230'),(718,'Hernandes','olivia.delvalle@gmail.com','Eduardo','995.521.148'),(719,'Gálvez','adela.esparza@gmail.com','Federico','935871723'),(720,'Oquendo','adriana.sepulveda@yahoo.com','Rosa','991580270'),(721,'Lozada','gustavo.barrientos@gmail.com','Miguel','913-470-892'),(722,'Acuña','benito.vigil@yahoo.com','Salvador','984940898'),(723,'Rivera','sara.delapaz@yahoo.com','Ana','917011926'),(724,'Montemayor','maricarmen.mireles@yahoo.com','Clara','986-690-847'),(725,'Soto','agustin.menchaca@hotmail.com','Horacio','999 743 544'),(726,'Nieves','gilberto.lovato@hotmail.com','Sancho','903 153 759'),(727,'Rojo','mercedes.puente@hotmail.com','Emilio','923-755-574'),(728,'Pantoja','dolores.montoya@yahoo.com','Horacio','944237570'),(729,'Ceballos','raul.pena@hotmail.com','Fernando','904.922.917'),(730,'Casas','raquel.carvajal@hotmail.com','Maricarmen','960.903.452'),(731,'Porras','salvador.fonseca@yahoo.com','José María','959.790.288'),(732,'Correa','veronica.ybarra@gmail.com','Esteban','980-262-258'),(733,'Rojo','pablo.montoya@yahoo.com','Isabel','919 028 815'),(734,'Herrera','emilio.guzman@yahoo.com','Gloria','976.896.817'),(735,'Mendoza','victoria.ortiz@hotmail.com','Horacio','985-509-628'),(736,'Montemayor','sergio.colon@yahoo.com','Marcela','953-656-608'),(737,'Baca','luismiguel.guajardo@yahoo.com','Alejandro','917.835.698'),(738,'Serrano','mariaeugenia.venegas@gmail.com','Pablo','912-456-871'),(739,'Amaya','mariateresa.caballero@hotmail.com','Raúl','924.435.109'),(740,'Cerda','marcos.aranda@gmail.com','Alfonso','949582295'),(741,'Delafuente','lola.barraza@gmail.com','Mónica','962-721-589'),(742,'Marrero','guillermina.teran@gmail.com','Raúl','938520243'),(743,'Gallegos','guillermina.naranjo@yahoo.com','Jesús','937 948 196'),(744,'Dueñas','ernesto.oquendo@gmail.com','Mario','900 626 835'),(745,'Canales','lilia.molina@hotmail.com','Carmen','995-610-296'),(746,'Lara','luismiguel.barrios@hotmail.com','Clemente','999 597 443'),(747,'Monroy','margarita.puente@gmail.com','Conchita','925580022'),(748,'Ceja','benito.calderon@gmail.com','Leticia','928.819.488'),(749,'Valdés','joaquin.orosco@hotmail.com','Daniel','939-405-268'),(750,'Casares','francisco.jaime@hotmail.com','Esteban','959-961-443'),(751,'López','rebeca.cotto@gmail.com','Víctor','996.407.705'),(752,'Alvarez','mariasoledad.segovia@gmail.com','Ariadna','931.128.916'),(753,'Osorio','julio.zepeda@yahoo.com','Marcos','995-754-270'),(754,'Soliz','alejandro.fajardo@gmail.com','Mariana','955.445.514'),(755,'Roldán','agustin.villegas@gmail.com','Isabel','942.968.907'),(756,'Angulo','tomas.carrasquillo@hotmail.com','Juana','967 784 033'),(757,'Mata','diego.guerra@gmail.com','Concepción','987.685.557'),(758,'Ayala','jeronimo.saenz@gmail.com','Armando','964743067'),(759,'Muro','gerardo.rendon@hotmail.com','Santiago','969-497-340'),(760,'Sanabria','julio.cano@gmail.com','Lorenzo','959.843.482'),(761,'Santana','mariasoledad.tovar@hotmail.com','Guillermo','989-647-828'),(762,'Mercado','manuel.olvera@yahoo.com','Rafael','932.191.500'),(763,'Saldivar','amalia.zayas@hotmail.com','Virginia','946528111'),(764,'Colunga','gustavo.teran@hotmail.com','Lorena','941.889.559'),(765,'Tamayo','raquel.cerda@hotmail.com','Rafael','974.483.694'),(766,'Perales','marcela.barrientos@gmail.com','Octavio','927213035'),(767,'Roldán','bernardo.quintana@gmail.com','Ricardo','901221068'),(768,'Sáenz','emilio.alonso@gmail.com','María del Carmen','997 331 619'),(769,'Esparza','patricio.olvera@gmail.com','Natalia','959039015'),(770,'Rodrígez','diana.barela@yahoo.com','Mariana','939 612 377'),(771,'Quezada','marcoantonio.martinez@hotmail.com','Rubén','915 159 077'),(772,'Montez','lilia.torrez@yahoo.com','Enrique','943 364 984'),(773,'Ulibarri','mariasoledad.abrego@yahoo.com','Miguel Ángel','997 811 037'),(774,'Flores','beatriz.soria@hotmail.com','Lucas','985 041 891'),(775,'González','mariacristina.mota@yahoo.com','Julio César','972121128'),(776,'Irizarry','elisa.lomeli@hotmail.com','Alfonso','919-490-663'),(777,'Garibay','salvador.roybal@yahoo.com','María Soledad','957-049-740'),(778,'Hurtado','mateo.avalos@hotmail.com','José Luis','975 437 835'),(779,'Gaona','sancho.solorzano@hotmail.com','Rebeca','975.336.788'),(780,'Saldivar','julia.cazares@yahoo.com','Cristina','927061449'),(781,'Castañeda','juliocesar.ortega@yahoo.com','Luis','977012761'),(782,'Elizondo','alejandro.cisneros@gmail.com','Octavio','952-319-712'),(783,'Ocampo','victoria.alfaro@gmail.com','Claudia','997.720.513'),(784,'Guajardo','laura.rivera@gmail.com','Alejandro','974-247-236'),(785,'Montañez','gabriel.santiago@gmail.com','Adán','967119436'),(786,'Ulibarri','mariacristina.urena@yahoo.com','Margarita','967.259.126'),(787,'Maestas','clemente.corrales@hotmail.com','Carolina','955094970'),(788,'Miranda','juana.fonseca@hotmail.com','Luis','912-249-647'),(789,'Murillo','marcela.parra@hotmail.com','Luis','992.841.689'),(790,'Aguilera','natalia.rivas@gmail.com','Bernardo','937-027-082'),(791,'Gamez','jorge.ozuna@yahoo.com','Clara','981.519.784'),(792,'Bustamante','fernando.pulido@hotmail.com','Patricia','999 334 386'),(793,'Magaña','alejandra.bermudez@gmail.com','Cecilia','947.865.405'),(794,'León','horacio.badillo@hotmail.com','Anita','974549263'),(795,'Ballesteros','lucas.medina@gmail.com','Silvia','976.191.762'),(796,'Botello','lorenzo.bustos@yahoo.com','Ariadna','978227907'),(797,'Puga','ruben.cano@hotmail.com','Mariana','993-422-343'),(798,'Centeno','blanca.calvillo@hotmail.com','Sara','954268777'),(799,'Montoya','berta.aleman@gmail.com','Víctor','959-222-498'),(800,'Arce','lourdes.trujillo@gmail.com','José','914-955-348'),(801,'Tórrez','samuel.avalos@yahoo.com','Verónica','972.128.338'),(802,'Magaña','salvador.ramirez@yahoo.com','Lorena','938.207.647'),(803,'Macías','daniel.feliciano@gmail.com','Mónica','943.222.739');
/*!40000 ALTER TABLE `clientes` ENABLE KEYS */;
UNLOCK TABLES;

--
-- Table structure for table `empleados`
--

DROP TABLE IF EXISTS `empleados`;
/*!40101 SET @saved_cs_client     = @@character_set_client */;
/*!50503 SET character_set_client = utf8mb4 */;
CREATE TABLE `empleados` (
  `admin` bit(1) DEFAULT NULL,
  `id` int NOT NULL AUTO_INCREMENT,
  `apellido` varchar(255) DEFAULT NULL,
  `dni` varchar(255) DEFAULT NULL,
  `nombre` varchar(255) DEFAULT NULL,
  `password` varchar(255) DEFAULT NULL,
  `usuario` varchar(255) DEFAULT NULL,
  PRIMARY KEY (`id`)
) ENGINE=InnoDB AUTO_INCREMENT=19 DEFAULT CHARSET=utf8mb4 COLLATE=utf8mb4_0900_ai_ci;
/*!40101 SET character_set_client = @saved_cs_client */;

--
-- Dumping data for table `empleados`
--

LOCK TABLES `empleados` WRITE;
/*!40000 ALTER TABLE `empleados` DISABLE KEYS */;
INSERT INTO `empleados` VALUES (_binary '',1,'Admin','12345678','Admin','8c6976e5b5410415bde908bd4dee15dfb167a9c873fc4bb8a81f6f2ab448a918','admin'),(_binary '\0',2,'Taveira','Y123456Z','Juan','ed08c290d7e22f7bb324b15cbadce35b0b348564fd2d5f95752388d86d71bcca','juan'),(_binary '\0',3,'Azpiazu','12345678Z','Asier','e507f1a62080a184a06e719846ce6bb64542ad1789e70982a8ecc6cedf5ea20e','asier'),(_binary '',4,'Vanegas','697-76-5106','Hernán','209512d2b6a44edc1e83f5c40e8cdadf614df375a55a5285ae1fb857eab7776c','carlota.gaitán'),(_binary '\0',5,'Sáenz','088-49-3800','Antonia','82273684b4696d9ce30c1638a22c774c322a33286c2fd165130f9c1a2f422e54','maríaluisa.acosta'),(_binary '\0',6,'Rosado','485-40-8162','Adela','3e80996aa52c22386ebd9430e8429aecaeac22a3d0ab68e6da816872a1ca88de','jorgeluis.balderas'),(_binary '\0',7,'Medina','619-81-6046','Isabela','e88521e4d68d3246d1639d376803155676e2c065dfd71a4f587efcf3ec88d81a','ramona.brito'),(_binary '\0',8,'Delatorre','589-87-4112','Lucia','424ff62e4adf083f6475596a8434788acfdd24053e29c2a9df1446fc343da9e5','juana.lemus'),(_binary '\0',9,'Flores','026-33-1808','María Eugenia','0e96868f412404dac76c6c7076d219821366ac48812c337c349d987f09d3abe1','ramiro.villareal'),(_binary '\0',10,'Negrón','025-57-0171','Blanca','c414507cab07b771416bb9e557b2d20774051a5b8eb63bd16b8771c7a6322f41','olivia.dávila'),(_binary '\0',11,'Concepción','859-02-6935','Lilia','c5da63783f6afcee9a4421e5c36375afd5c92583690fb614dcee7a6c96954d59','alejandro.heredia'),(_binary '\0',12,'Osorio','251-37-7722','Agustín','486a847b7227148df7ef5662531ad616ac058ecb56a1de82ea0ef15657d1d2ee','maríaluisa.romo'),(_binary '\0',13,'Verduzco','159-69-2615','Jorge Luis','365c3639d650d2219a63e21f9c6e0f54828658f275a39c8265046998c2bd7a56','ernesto.vargas'),(_binary '\0',14,'Ulibarri','418-81-4514','Diego','a6d2c39a9e8aafcb3e9a272d55fda2da3d0fb0713c344026bccbdea44ab1670a','rafael.robles'),(_binary '\0',15,'Almonte','574-93-0001','Yolanda','ac6818ba30fcbdb70c97c09eae3ac805bdbf387e7d60037542bc9bef385071da','benito.vega'),(_binary '\0',16,'Segura','323-68-6928','María José','9bfc96928a59f1e9a19389b3992d2c34920b7fb3708ffcc02a4f2867e37f6c4f','gustavo.iglesias'),(_binary '\0',17,'Rodarte','013-38-1691','Ramón','ce09ecf6a08fe9f494d147fb2d273ae6568a6948010a66d4956ac0a99ea0eb4d','susana.guillen'),(_binary '\0',18,'Palacios','416-66-1482','Óscar','8de28873b566c30bfc49c235fae114e22b4cff7dd7621c18de5f6d4dfe702392','rubén.verduzco');
/*!40000 ALTER TABLE `empleados` ENABLE KEYS */;
UNLOCK TABLES;

--
-- Table structure for table `mesas`
--

DROP TABLE IF EXISTS `mesas`;
/*!40101 SET @saved_cs_client     = @@character_set_client */;
/*!50503 SET character_set_client = utf8mb4 */;
CREATE TABLE `mesas` (
  `max_personas` int DEFAULT NULL,
  `numero_mesa` int NOT NULL,
  PRIMARY KEY (`numero_mesa`)
) ENGINE=InnoDB DEFAULT CHARSET=utf8mb4 COLLATE=utf8mb4_0900_ai_ci;
/*!40101 SET character_set_client = @saved_cs_client */;

--
-- Dumping data for table `mesas`
--

LOCK TABLES `mesas` WRITE;
/*!40000 ALTER TABLE `mesas` DISABLE KEYS */;
INSERT INTO `mesas` VALUES (10,1),(4,2),(4,3),(4,4),(4,5),(4,6),(4,7),(4,8),(4,9),(2,10),(2,11),(2,12),(2,13);
/*!40000 ALTER TABLE `mesas` ENABLE KEYS */;
UNLOCK TABLES;

--
-- Table structure for table `reservas`
--

DROP TABLE IF EXISTS `reservas`;
/*!40101 SET @saved_cs_client     = @@character_set_client */;
/*!50503 SET character_set_client = utf8mb4 */;
CREATE TABLE `reservas` (
  `cliente_id` int NOT NULL,
  `dia` date NOT NULL,
  `empleado_id` int NOT NULL,
  `id` int NOT NULL AUTO_INCREMENT,
  `numero_mesa` int NOT NULL,
  `numero_personas` int NOT NULL,
  `horario` enum('ALMUERZO','CENA') NOT NULL,
  PRIMARY KEY (`id`),
  KEY `FK474ngys4y846umkd9781qonyq` (`cliente_id`),
  KEY `FKoqs16prpavj992n9t2lxr9egh` (`empleado_id`),
  CONSTRAINT `FK474ngys4y846umkd9781qonyq` FOREIGN KEY (`cliente_id`) REFERENCES `clientes` (`id`),
  CONSTRAINT `FKoqs16prpavj992n9t2lxr9egh` FOREIGN KEY (`empleado_id`) REFERENCES `empleados` (`id`)
) ENGINE=InnoDB AUTO_INCREMENT=610 DEFAULT CHARSET=utf8mb4 COLLATE=utf8mb4_0900_ai_ci;
/*!40101 SET character_set_client = @saved_cs_client */;

--
-- Dumping data for table `reservas`
--

LOCK TABLES `reservas` WRITE;
/*!40000 ALTER TABLE `reservas` DISABLE KEYS */;
INSERT INTO `reservas` VALUES (1,'2024-05-12',1,1,1,5,'ALMUERZO'),(2,'2024-05-12',3,2,5,4,'ALMUERZO'),(3,'2024-05-12',2,3,2,3,'ALMUERZO'),(4,'2024-03-23',9,4,6,2,'CENA'),(5,'2024-04-26',3,5,8,2,'ALMUERZO'),(6,'2024-04-14',5,6,2,2,'ALMUERZO'),(7,'2024-03-20',2,7,8,2,'CENA'),(8,'2024-04-20',2,8,11,1,'CENA'),(9,'2024-03-29',9,9,8,2,'ALMUERZO'),(10,'2024-04-03',6,10,10,1,'CENA'),(11,'2024-05-16',6,11,11,1,'CENA'),(12,'2024-04-30',4,12,2,1,'CENA'),(13,'2024-04-16',7,13,10,1,'CENA'),(14,'2024-04-23',3,14,10,1,'CENA'),(15,'2024-04-03',4,15,5,2,'ALMUERZO'),(16,'2024-05-04',9,16,4,2,'CENA'),(17,'2024-05-06',9,17,10,1,'CENA'),(18,'2024-04-11',7,18,1,8,'CENA'),(19,'2024-03-24',7,19,9,3,'ALMUERZO'),(20,'2024-04-08',9,20,9,2,'CENA'),(21,'2024-05-17',8,21,10,1,'CENA'),(22,'2024-04-18',7,22,6,2,'ALMUERZO'),(23,'2024-03-18',6,23,6,2,'CENA'),(24,'2024-04-01',9,24,9,1,'CENA'),(25,'2024-03-19',7,25,1,3,'ALMUERZO'),(26,'2024-05-15',1,26,1,4,'CENA'),(27,'2024-04-14',3,27,6,3,'ALMUERZO'),(28,'2024-03-29',6,28,10,1,'CENA'),(29,'2024-03-25',7,29,5,2,'ALMUERZO'),(30,'2024-03-24',9,30,8,2,'CENA'),(31,'2024-04-03',3,31,6,2,'CENA'),(32,'2024-03-24',3,32,6,2,'ALMUERZO'),(33,'2024-04-01',7,33,10,1,'ALMUERZO'),(34,'2024-05-15',5,34,4,2,'CENA'),(35,'2024-04-29',5,35,5,1,'CENA'),(36,'2024-04-07',9,36,9,1,'ALMUERZO'),(37,'2024-05-06',9,37,5,2,'ALMUERZO'),(38,'2024-05-06',4,38,1,8,'CENA'),(39,'2024-03-25',5,39,8,2,'CENA'),(40,'2024-03-23',6,40,8,1,'CENA'),(41,'2024-04-28',7,41,10,1,'CENA'),(42,'2024-03-28',3,42,4,1,'CENA'),(43,'2024-04-18',6,43,11,1,'CENA'),(44,'2024-05-07',9,44,4,2,'ALMUERZO'),(45,'2024-04-02',3,45,3,2,'CENA'),(46,'2024-04-10',6,46,7,3,'CENA'),(47,'2024-05-17',3,47,4,1,'CENA'),(48,'2024-03-18',5,48,7,1,'CENA'),(49,'2024-04-25',7,49,11,1,'CENA'),(50,'2024-05-13',7,50,9,1,'CENA'),(51,'2024-04-02',5,51,11,1,'CENA'),(52,'2024-05-08',9,52,4,2,'ALMUERZO'),(53,'2024-04-03',5,53,2,1,'ALMUERZO'),(54,'2024-04-27',9,54,10,1,'CENA'),(55,'2024-04-26',2,55,9,1,'CENA'),(56,'2024-04-27',7,56,11,1,'ALMUERZO'),(58,'2024-05-03',7,57,8,2,'ALMUERZO'),(59,'2024-04-19',6,58,10,1,'ALMUERZO'),(60,'2024-03-16',6,59,4,2,'CENA'),(61,'2024-03-29',6,60,1,2,'ALMUERZO'),(62,'2024-04-03',5,61,6,1,'ALMUERZO'),(63,'2024-04-02',4,62,2,2,'CENA'),(64,'2024-05-14',3,63,8,2,'CENA'),(65,'2024-03-29',7,64,8,2,'CENA'),(66,'2024-03-27',3,65,10,1,'ALMUERZO'),(67,'2024-03-31',9,66,3,2,'ALMUERZO'),(68,'2024-03-18',5,67,8,2,'CENA'),(69,'2024-04-26',9,68,11,1,'CENA'),(70,'2024-05-14',4,69,2,3,'ALMUERZO'),(71,'2024-04-10',5,70,3,2,'CENA'),(72,'2024-04-18',4,71,10,1,'CENA'),(74,'2024-04-13',9,72,1,6,'ALMUERZO'),(75,'2024-04-08',7,73,8,1,'ALMUERZO'),(76,'2024-04-13',9,74,10,1,'ALMUERZO'),(78,'2024-04-05',5,75,7,1,'CENA'),(79,'2024-04-30',9,76,2,2,'ALMUERZO'),(80,'2024-04-16',5,77,5,2,'CENA'),(81,'2024-05-01',9,78,6,1,'ALMUERZO'),(82,'2024-03-20',9,79,9,1,'CENA'),(83,'2024-05-02',5,80,2,2,'CENA'),(84,'2024-05-02',6,81,8,2,'ALMUERZO'),(85,'2024-05-17',6,82,6,2,'CENA'),(86,'2024-03-19',2,83,2,1,'CENA'),(87,'2024-04-26',6,84,6,1,'ALMUERZO'),(88,'2024-04-11',2,85,6,3,'CENA'),(89,'2024-03-18',2,86,1,9,'ALMUERZO'),(90,'2024-04-25',7,87,1,4,'ALMUERZO'),(91,'2024-03-31',4,88,2,3,'ALMUERZO'),(92,'2024-05-09',9,89,10,1,'ALMUERZO'),(93,'2024-05-09',8,90,11,1,'CENA'),(94,'2024-03-16',2,91,2,3,'CENA'),(95,'2024-03-26',4,92,6,2,'CENA'),(96,'2024-04-03',2,93,2,1,'CENA'),(97,'2024-04-21',2,94,4,2,'ALMUERZO'),(98,'2024-04-13',3,95,6,2,'ALMUERZO'),(99,'2024-05-10',8,96,3,2,'CENA'),(100,'2024-05-01',2,97,4,2,'ALMUERZO'),(101,'2024-04-06',7,98,8,2,'ALMUERZO'),(102,'2024-05-03',2,99,11,1,'ALMUERZO'),(103,'2024-04-20',6,100,3,2,'ALMUERZO'),(104,'2024-05-05',6,101,3,2,'ALMUERZO'),(105,'2024-03-31',3,102,1,9,'CENA'),(106,'2024-03-22',4,103,1,8,'CENA'),(107,'2024-04-01',9,104,3,1,'CENA'),(108,'2024-04-20',1,105,8,1,'CENA'),(109,'2024-04-24',9,106,10,1,'CENA'),(110,'2024-03-22',4,107,7,2,'CENA'),(111,'2024-05-05',3,108,11,1,'CENA'),(112,'2024-03-16',3,109,11,1,'ALMUERZO'),(113,'2024-05-08',4,110,6,3,'ALMUERZO'),(114,'2024-05-11',3,111,4,2,'CENA'),(115,'2024-04-24',5,112,7,1,'ALMUERZO'),(116,'2024-04-21',9,113,9,2,'ALMUERZO'),(117,'2024-05-02',9,114,5,3,'ALMUERZO'),(118,'2024-04-28',7,115,6,1,'CENA'),(119,'2024-03-26',2,116,11,1,'ALMUERZO'),(121,'2024-03-14',7,117,11,1,'ALMUERZO'),(122,'2024-04-09',7,118,1,8,'ALMUERZO'),(123,'2024-04-23',4,119,11,1,'CENA'),(125,'2024-05-02',9,120,7,2,'CENA'),(126,'2024-04-06',8,121,7,2,'ALMUERZO'),(128,'2024-03-31',6,122,4,2,'ALMUERZO'),(129,'2024-04-20',4,123,5,1,'ALMUERZO'),(130,'2024-05-12',9,124,9,2,'ALMUERZO'),(131,'2024-03-30',8,125,3,2,'ALMUERZO'),(132,'2024-05-05',5,126,4,3,'ALMUERZO'),(133,'2024-04-18',4,127,4,2,'CENA'),(134,'2024-04-15',1,128,9,2,'CENA'),(135,'2024-04-23',8,129,4,2,'ALMUERZO'),(136,'2024-05-10',4,130,6,2,'CENA'),(137,'2024-04-08',9,131,6,3,'CENA'),(138,'2024-03-23',7,132,6,2,'ALMUERZO'),(139,'2024-04-03',6,133,8,2,'ALMUERZO'),(140,'2024-03-22',8,134,3,2,'ALMUERZO'),(141,'2024-03-31',6,135,8,2,'ALMUERZO'),(142,'2024-03-29',4,136,6,2,'CENA'),(143,'2024-03-16',9,137,6,1,'CENA'),(144,'2024-04-30',7,138,5,2,'CENA'),(145,'2024-03-20',9,139,1,9,'CENA'),(147,'2024-05-14',6,140,6,3,'ALMUERZO'),(148,'2024-03-14',6,141,10,1,'CENA'),(149,'2024-04-24',1,142,10,1,'ALMUERZO'),(150,'2024-05-01',3,143,2,2,'CENA'),(151,'2024-04-04',9,144,4,2,'ALMUERZO'),(152,'2024-05-17',4,145,9,3,'ALMUERZO'),(154,'2024-03-17',4,146,9,1,'CENA'),(155,'2024-04-30',7,147,1,1,'CENA'),(156,'2024-03-25',8,148,2,2,'CENA'),(157,'2024-03-22',5,149,6,2,'CENA'),(158,'2024-03-27',3,150,9,3,'CENA'),(159,'2024-03-18',6,151,6,2,'ALMUERZO'),(160,'2024-05-02',3,152,11,1,'ALMUERZO'),(161,'2024-03-26',5,153,7,1,'CENA'),(162,'2024-04-27',7,154,7,2,'ALMUERZO'),(163,'2024-04-23',6,155,8,2,'CENA'),(164,'2024-03-18',2,156,8,2,'ALMUERZO'),(165,'2024-04-15',3,157,3,2,'ALMUERZO'),(166,'2024-05-13',4,158,7,2,'ALMUERZO'),(167,'2024-05-12',6,159,10,1,'ALMUERZO'),(168,'2024-05-10',9,160,11,1,'ALMUERZO'),(169,'2024-04-03',4,161,4,1,'ALMUERZO'),(170,'2024-04-25',6,162,10,1,'CENA'),(171,'2024-04-20',7,163,1,4,'CENA'),(172,'2024-04-03',6,164,9,2,'ALMUERZO'),(173,'2024-05-03',4,165,1,9,'CENA'),(174,'2024-03-20',3,166,2,1,'CENA'),(175,'2024-04-26',2,167,6,2,'CENA'),(176,'2024-04-10',6,168,5,3,'CENA'),(177,'2024-03-23',9,169,3,1,'CENA'),(179,'2024-04-19',7,170,8,1,'ALMUERZO'),(180,'2024-04-03',4,171,8,2,'CENA'),(181,'2024-05-13',3,172,10,1,'ALMUERZO'),(182,'2024-05-16',5,173,7,1,'ALMUERZO'),(183,'2024-05-07',3,174,9,2,'CENA'),(184,'2024-04-27',8,175,4,2,'ALMUERZO'),(186,'2024-04-25',6,176,3,3,'CENA'),(187,'2024-04-03',1,177,3,2,'ALMUERZO'),(188,'2024-05-15',7,178,9,2,'CENA'),(189,'2024-03-28',9,179,2,1,'ALMUERZO'),(190,'2024-04-20',8,180,4,1,'CENA'),(191,'2024-03-22',8,181,11,1,'CENA'),(192,'2024-05-11',3,182,10,1,'CENA'),(193,'2024-04-02',1,183,1,9,'ALMUERZO'),(194,'2024-04-17',9,184,7,2,'CENA'),(196,'2024-04-09',5,185,8,2,'CENA'),(197,'2024-03-24',6,186,11,1,'CENA'),(198,'2024-04-03',8,187,3,2,'CENA'),(199,'2024-03-14',3,188,6,2,'ALMUERZO'),(200,'2024-05-09',9,189,2,2,'CENA'),(202,'2024-04-29',5,190,3,2,'ALMUERZO'),(203,'2024-05-12',3,191,7,2,'CENA'),(206,'2024-03-15',2,192,8,1,'CENA'),(207,'2024-04-19',3,193,9,2,'CENA'),(208,'2024-03-25',2,194,1,8,'CENA'),(210,'2024-04-04',7,195,8,2,'ALMUERZO'),(211,'2024-04-17',1,196,5,1,'ALMUERZO'),(212,'2024-03-23',4,197,8,1,'ALMUERZO'),(213,'2024-04-04',2,198,11,1,'ALMUERZO'),(214,'2024-04-20',7,199,1,4,'ALMUERZO'),(216,'2024-05-01',2,200,9,3,'ALMUERZO'),(217,'2024-03-15',2,201,11,1,'ALMUERZO'),(218,'2024-03-25',4,202,11,1,'CENA'),(219,'2024-04-22',3,203,3,2,'ALMUERZO'),(220,'2024-04-16',4,204,4,2,'ALMUERZO'),(221,'2024-04-13',8,205,2,3,'CENA'),(222,'2024-04-10',7,206,4,1,'CENA'),(224,'2024-04-25',5,207,6,1,'CENA'),(225,'2024-03-15',8,208,7,2,'CENA'),(226,'2024-04-22',1,209,4,3,'ALMUERZO'),(227,'2024-05-15',5,210,6,3,'CENA'),(229,'2024-04-19',6,211,2,1,'CENA'),(230,'2024-03-31',4,212,2,1,'CENA'),(231,'2024-04-03',5,213,10,1,'ALMUERZO'),(232,'2024-04-14',9,214,3,1,'ALMUERZO'),(233,'2024-04-13',2,215,2,1,'ALMUERZO'),(236,'2024-05-05',9,216,1,6,'CENA'),(237,'2024-04-26',5,217,11,1,'ALMUERZO'),(238,'2024-03-22',7,218,4,2,'ALMUERZO'),(239,'2024-04-30',5,219,9,2,'CENA'),(240,'2024-03-26',1,220,1,5,'CENA'),(241,'2024-05-15',8,221,8,3,'ALMUERZO'),(242,'2024-05-06',8,222,1,4,'ALMUERZO'),(243,'2024-05-12',8,223,7,2,'ALMUERZO'),(244,'2024-05-11',5,224,7,1,'CENA'),(245,'2024-05-12',2,225,4,1,'CENA'),(247,'2024-04-15',5,226,11,1,'ALMUERZO'),(249,'2024-04-07',2,227,5,1,'CENA'),(250,'2024-04-17',4,228,7,2,'ALMUERZO'),(252,'2024-03-27',7,229,11,1,'CENA'),(253,'2024-03-25',6,230,8,2,'ALMUERZO'),(254,'2024-05-17',5,231,11,1,'CENA'),(255,'2024-04-15',2,232,8,2,'CENA'),(257,'2024-04-03',4,233,11,1,'CENA'),(258,'2024-04-29',5,234,10,1,'ALMUERZO'),(259,'2024-05-05',6,235,6,2,'ALMUERZO'),(261,'2024-04-20',2,236,10,1,'ALMUERZO'),(262,'2024-03-25',4,237,5,2,'CENA'),(263,'2024-04-22',8,238,2,2,'CENA'),(264,'2024-03-14',2,239,3,2,'ALMUERZO'),(265,'2024-05-01',7,240,5,3,'CENA'),(266,'2024-04-27',2,241,8,3,'CENA'),(268,'2024-04-03',2,242,1,8,'ALMUERZO'),(269,'2024-03-20',2,243,5,3,'CENA'),(270,'2024-03-21',2,244,9,2,'CENA'),(271,'2024-03-15',6,245,4,1,'CENA'),(272,'2024-03-24',8,246,5,1,'CENA'),(273,'2024-03-29',5,247,1,7,'CENA'),(274,'2024-05-16',7,248,9,2,'ALMUERZO'),(276,'2024-04-04',8,249,3,3,'ALMUERZO'),(278,'2024-04-10',9,250,7,2,'ALMUERZO'),(279,'2024-04-17',3,251,11,1,'CENA'),(281,'2024-05-13',3,252,1,2,'CENA'),(282,'2024-05-11',2,253,1,1,'CENA'),(283,'2024-05-14',2,254,7,3,'ALMUERZO'),(284,'2024-05-07',7,255,3,1,'ALMUERZO'),(285,'2024-04-09',4,256,3,1,'CENA'),(286,'2024-05-04',3,257,5,2,'CENA'),(287,'2024-05-10',5,258,9,1,'CENA'),(289,'2024-03-23',7,259,7,2,'CENA'),(290,'2024-03-14',2,260,8,3,'CENA'),(291,'2024-04-30',3,261,1,3,'ALMUERZO'),(292,'2024-03-29',3,262,7,1,'ALMUERZO'),(295,'2024-04-24',7,263,4,2,'CENA'),(297,'2024-05-16',6,264,5,2,'ALMUERZO'),(298,'2024-05-13',4,265,2,1,'ALMUERZO'),(299,'2024-04-29',4,266,8,2,'ALMUERZO'),(300,'2024-03-31',4,267,6,2,'CENA'),(301,'2024-04-14',4,268,9,2,'CENA'),(302,'2024-04-01',4,269,6,2,'ALMUERZO'),(304,'2024-04-04',6,270,5,3,'ALMUERZO'),(305,'2024-05-06',5,271,6,2,'ALMUERZO'),(306,'2024-04-28',9,272,8,2,'ALMUERZO'),(308,'2024-04-13',2,273,6,1,'CENA'),(310,'2024-05-11',5,274,8,1,'CENA'),(311,'2024-03-23',7,275,1,5,'CENA'),(312,'2024-04-09',4,276,6,2,'CENA'),(313,'2024-05-17',8,277,5,1,'ALMUERZO'),(314,'2024-03-24',9,278,8,2,'ALMUERZO'),(315,'2024-03-16',5,279,9,1,'ALMUERZO'),(316,'2024-04-09',9,280,6,2,'ALMUERZO'),(317,'2024-03-25',5,281,9,2,'CENA'),(319,'2024-03-20',6,282,7,3,'ALMUERZO'),(320,'2024-04-30',5,283,5,2,'ALMUERZO'),(321,'2024-04-19',6,284,4,1,'CENA'),(322,'2024-04-22',6,285,5,2,'CENA'),(323,'2024-04-07',5,286,2,2,'CENA'),(325,'2024-04-23',7,287,3,1,'CENA'),(326,'2024-03-30',7,288,3,3,'CENA'),(327,'2024-05-14',7,289,5,2,'CENA'),(328,'2024-04-30',1,290,4,3,'CENA'),(329,'2024-05-15',7,291,7,2,'ALMUERZO'),(331,'2024-04-14',8,292,5,2,'ALMUERZO'),(332,'2024-05-06',9,293,6,2,'CENA'),(333,'2024-04-24',2,294,9,2,'ALMUERZO'),(334,'2024-04-22',1,295,8,2,'ALMUERZO'),(335,'2024-04-23',4,296,6,2,'CENA'),(337,'2024-04-07',9,297,7,2,'ALMUERZO'),(338,'2024-03-22',9,298,3,2,'CENA'),(339,'2024-04-08',6,299,11,1,'CENA'),(340,'2024-04-02',3,300,6,2,'CENA'),(341,'2024-05-04',5,301,3,1,'ALMUERZO'),(342,'2024-04-17',5,302,2,2,'ALMUERZO'),(343,'2024-03-28',6,303,5,1,'ALMUERZO'),(344,'2024-05-10',8,304,7,2,'CENA'),(346,'2024-04-04',9,305,7,3,'CENA'),(347,'2024-05-09',2,306,3,2,'ALMUERZO'),(348,'2024-05-14',2,307,4,2,'CENA'),(350,'2024-04-14',9,308,10,1,'CENA'),(351,'2024-05-17',9,309,2,2,'ALMUERZO'),(352,'2024-05-03',7,310,9,2,'CENA'),(353,'2024-04-23',9,311,4,2,'CENA'),(355,'2024-03-13',2,312,1,5,'CENA'),(356,'2024-03-22',8,313,10,1,'ALMUERZO'),(357,'2024-05-10',3,314,4,1,'CENA'),(359,'2024-03-22',3,315,2,1,'ALMUERZO'),(360,'2024-05-08',9,316,8,1,'ALMUERZO'),(361,'2024-04-29',9,317,2,1,'CENA'),(362,'2024-04-09',9,318,9,2,'ALMUERZO'),(363,'2024-04-07',8,319,4,2,'CENA'),(364,'2024-04-28',5,320,7,2,'CENA'),(365,'2024-05-16',8,321,11,1,'ALMUERZO'),(366,'2024-04-28',5,322,11,1,'ALMUERZO'),(367,'2024-05-01',1,323,11,1,'ALMUERZO'),(368,'2024-05-16',7,324,8,1,'CENA'),(371,'2024-04-06',8,325,2,2,'CENA'),(372,'2024-05-05',4,326,9,3,'CENA'),(374,'2024-04-18',6,327,10,1,'ALMUERZO'),(375,'2024-05-02',9,328,9,2,'CENA'),(376,'2024-05-01',3,329,7,1,'ALMUERZO'),(377,'2024-04-28',8,330,3,1,'ALMUERZO'),(378,'2024-04-08',1,331,10,1,'CENA'),(379,'2024-04-01',9,332,9,2,'ALMUERZO'),(383,'2024-04-22',9,333,5,2,'ALMUERZO'),(384,'2024-04-20',6,334,9,1,'CENA'),(385,'2024-03-23',3,335,4,1,'ALMUERZO'),(387,'2024-04-15',4,336,2,2,'CENA'),(388,'2024-05-16',3,337,3,1,'ALMUERZO'),(389,'2024-04-24',9,338,8,2,'CENA'),(394,'2024-05-09',2,339,11,1,'ALMUERZO'),(395,'2024-04-21',9,340,2,2,'ALMUERZO'),(396,'2024-03-19',3,341,6,2,'CENA'),(397,'2024-03-16',2,342,11,1,'CENA'),(398,'2024-05-14',4,343,7,1,'CENA'),(399,'2024-03-21',8,344,1,3,'ALMUERZO'),(402,'2024-03-17',6,345,5,3,'CENA'),(403,'2024-04-28',9,346,11,1,'CENA'),(404,'2024-03-27',2,347,5,3,'ALMUERZO'),(405,'2024-04-23',9,348,5,1,'CENA'),(406,'2024-05-05',2,349,7,2,'ALMUERZO'),(407,'2024-05-10',8,350,1,8,'ALMUERZO'),(408,'2024-03-19',9,351,4,2,'ALMUERZO'),(409,'2024-04-26',2,352,7,3,'CENA'),(412,'2024-03-18',7,353,3,1,'CENA'),(413,'2024-05-03',8,354,3,2,'ALMUERZO'),(416,'2024-05-16',6,355,3,2,'CENA'),(417,'2024-03-31',3,356,9,2,'ALMUERZO'),(418,'2024-03-17',1,357,10,1,'ALMUERZO'),(419,'2024-05-17',9,358,10,1,'ALMUERZO'),(420,'2024-03-20',6,359,5,2,'ALMUERZO'),(421,'2024-03-26',6,360,6,3,'ALMUERZO'),(425,'2024-05-08',2,361,2,2,'ALMUERZO'),(426,'2024-04-28',9,362,3,2,'CENA'),(428,'2024-05-13',4,363,6,2,'CENA'),(429,'2024-03-29',2,364,5,3,'CENA'),(430,'2024-03-25',5,365,3,2,'ALMUERZO'),(431,'2024-04-28',2,366,6,2,'ALMUERZO'),(432,'2024-05-17',7,367,4,1,'ALMUERZO'),(433,'2024-04-16',8,368,8,2,'CENA'),(434,'2024-04-14',3,369,6,3,'CENA'),(435,'2024-04-05',3,370,7,1,'ALMUERZO'),(436,'2024-03-26',7,371,10,1,'ALMUERZO'),(437,'2024-04-13',3,372,3,2,'ALMUERZO'),(438,'2024-04-10',1,373,8,1,'ALMUERZO'),(439,'2024-04-16',1,374,3,2,'CENA'),(441,'2024-05-07',9,375,7,1,'ALMUERZO'),(442,'2024-04-01',7,376,4,2,'CENA'),(443,'2024-03-21',7,377,8,2,'CENA'),(444,'2024-04-16',5,378,2,2,'CENA'),(445,'2024-03-31',3,379,7,2,'CENA'),(446,'2024-05-05',1,380,8,2,'CENA'),(448,'2024-05-15',2,381,3,1,'CENA'),(449,'2024-05-12',3,382,2,2,'CENA'),(450,'2024-03-26',5,383,10,1,'CENA'),(452,'2024-03-31',1,384,3,2,'CENA'),(453,'2024-04-10',4,385,5,3,'ALMUERZO'),(454,'2024-05-16',1,386,7,2,'CENA'),(455,'2024-05-09',3,387,3,2,'CENA'),(458,'2024-05-02',9,388,8,1,'CENA'),(459,'2024-03-27',2,389,4,1,'CENA'),(460,'2024-04-06',7,390,11,1,'ALMUERZO'),(461,'2024-03-23',3,391,10,1,'CENA'),(463,'2024-04-18',7,392,9,1,'CENA'),(464,'2024-04-19',6,393,1,9,'CENA'),(465,'2024-04-14',9,394,7,2,'CENA'),(466,'2024-04-16',6,395,11,1,'CENA'),(467,'2024-04-12',5,396,7,2,'ALMUERZO'),(471,'2024-04-25',1,397,8,2,'CENA'),(472,'2024-04-21',4,398,7,2,'ALMUERZO'),(473,'2024-04-07',4,399,4,2,'ALMUERZO'),(474,'2024-03-15',4,400,9,2,'ALMUERZO'),(475,'2024-04-12',9,401,5,2,'CENA'),(476,'2024-05-14',2,402,2,1,'CENA'),(477,'2024-03-27',2,403,6,2,'ALMUERZO'),(478,'2024-03-21',9,404,5,2,'CENA'),(479,'2024-03-16',3,405,9,2,'CENA'),(480,'2024-04-10',9,406,11,1,'CENA'),(481,'2024-03-24',4,407,1,9,'CENA'),(482,'2024-04-08',3,408,2,2,'ALMUERZO'),(483,'2024-04-05',9,409,10,1,'CENA'),(484,'2024-05-01',2,410,1,9,'ALMUERZO'),(485,'2024-04-04',6,411,5,2,'CENA'),(487,'2024-03-29',6,412,7,2,'CENA'),(489,'2024-03-20',9,413,11,1,'ALMUERZO'),(491,'2024-04-25',4,414,2,2,'CENA'),(492,'2024-03-22',6,415,8,2,'CENA'),(493,'2024-03-24',4,416,7,1,'ALMUERZO'),(494,'2024-05-11',9,417,5,2,'ALMUERZO'),(495,'2024-05-03',7,418,7,2,'ALMUERZO'),(496,'2024-03-30',7,419,2,3,'CENA'),(497,'2024-04-09',2,420,4,1,'CENA'),(498,'2024-04-11',9,421,9,2,'CENA'),(499,'2024-05-13',3,422,4,2,'ALMUERZO'),(500,'2024-04-09',5,423,10,1,'ALMUERZO'),(502,'2024-04-09',8,424,11,1,'ALMUERZO'),(503,'2024-04-02',1,425,8,2,'CENA'),(504,'2024-05-12',7,426,8,1,'CENA'),(506,'2024-05-04',9,427,10,1,'CENA'),(508,'2024-04-08',4,428,7,2,'ALMUERZO'),(509,'2024-04-15',9,429,4,2,'CENA'),(510,'2024-05-05',5,430,7,2,'CENA'),(512,'2024-04-17',4,431,6,2,'CENA'),(513,'2024-03-21',7,432,1,7,'CENA'),(515,'2024-04-05',2,433,6,2,'CENA'),(516,'2024-04-19',8,434,9,2,'ALMUERZO'),(517,'2024-05-11',7,435,6,2,'CENA'),(518,'2024-04-12',2,436,8,2,'ALMUERZO'),(520,'2024-03-19',6,437,5,1,'ALMUERZO'),(522,'2024-04-23',5,438,9,1,'CENA'),(523,'2024-04-10',5,439,6,2,'ALMUERZO'),(524,'2024-04-08',3,440,9,2,'ALMUERZO'),(525,'2024-03-23',4,441,5,3,'CENA'),(528,'2024-03-15',7,442,2,1,'ALMUERZO'),(530,'2024-05-09',3,443,6,2,'ALMUERZO'),(531,'2024-04-27',5,444,9,2,'CENA'),(535,'2024-04-08',8,445,4,2,'CENA'),(536,'2024-04-18',7,446,7,2,'CENA'),(537,'2024-04-13',9,447,8,2,'CENA'),(539,'2024-05-10',6,448,5,1,'CENA'),(540,'2024-05-09',3,449,7,2,'ALMUERZO'),(542,'2024-03-21',8,450,4,2,'ALMUERZO'),(543,'2024-03-23',7,451,10,1,'ALMUERZO'),(546,'2024-04-16',5,452,10,1,'ALMUERZO'),(547,'2024-03-23',3,453,9,2,'ALMUERZO'),(548,'2024-04-14',2,454,4,2,'ALMUERZO'),(549,'2024-04-05',6,455,8,2,'ALMUERZO'),(550,'2024-04-11',6,456,5,1,'ALMUERZO'),(552,'2024-03-29',9,457,9,1,'CENA'),(553,'2024-05-01',5,458,6,2,'CENA'),(554,'2024-03-18',2,459,5,2,'CENA'),(556,'2024-03-24',2,460,5,2,'ALMUERZO'),(557,'2024-03-18',8,461,4,2,'CENA'),(558,'2024-05-07',9,462,3,1,'CENA'),(560,'2024-03-18',7,463,2,2,'CENA'),(562,'2024-05-15',1,464,10,1,'CENA'),(565,'2024-04-14',7,465,11,1,'ALMUERZO'),(567,'2024-03-25',4,466,10,1,'CENA'),(568,'2024-04-19',6,467,11,1,'CENA'),(569,'2024-05-11',2,468,8,1,'ALMUERZO'),(570,'2024-05-11',9,469,6,2,'ALMUERZO'),(572,'2024-04-06',1,470,3,2,'ALMUERZO'),(573,'2024-04-21',1,471,10,1,'CENA'),(574,'2024-05-17',5,472,3,2,'ALMUERZO'),(575,'2024-03-30',7,473,5,2,'ALMUERZO'),(576,'2024-05-07',5,474,2,2,'CENA'),(577,'2024-04-08',9,475,7,2,'CENA'),(579,'2024-03-18',3,476,11,1,'CENA'),(580,'2024-04-24',5,477,4,2,'ALMUERZO'),(581,'2024-04-04',6,478,4,1,'CENA'),(584,'2024-04-06',5,479,9,1,'CENA'),(585,'2024-03-26',7,480,8,1,'ALMUERZO'),(586,'2024-05-13',7,481,8,2,'ALMUERZO'),(587,'2024-03-17',1,482,1,6,'ALMUERZO'),(589,'2024-05-13',2,483,3,1,'CENA'),(592,'2024-03-15',2,484,10,1,'ALMUERZO'),(593,'2024-04-28',5,485,8,2,'CENA'),(594,'2024-05-01',8,486,5,2,'ALMUERZO'),(595,'2024-04-22',9,487,2,2,'ALMUERZO'),(597,'2024-03-17',2,488,4,1,'CENA'),(599,'2024-04-02',8,489,8,2,'ALMUERZO'),(601,'2024-04-28',7,490,4,1,'ALMUERZO'),(602,'2024-04-15',3,491,5,1,'CENA'),(604,'2024-04-30',6,492,7,3,'CENA'),(605,'2024-03-25',9,493,6,1,'CENA'),(606,'2024-04-06',9,494,4,2,'CENA'),(607,'2024-04-01',3,495,11,1,'ALMUERZO'),(609,'2024-03-16',1,496,3,2,'ALMUERZO'),(610,'2024-04-12',2,497,3,2,'ALMUERZO'),(611,'2024-04-27',1,498,6,1,'CENA'),(612,'2024-03-16',5,499,3,3,'CENA'),(614,'2024-04-25',2,500,11,1,'ALMUERZO'),(615,'2024-03-21',9,501,11,1,'CENA'),(617,'2024-04-19',8,502,7,1,'ALMUERZO'),(618,'2024-03-23',3,503,9,2,'CENA'),(621,'2024-04-26',9,504,5,2,'CENA'),(622,'2024-05-01',3,505,3,2,'ALMUERZO'),(623,'2024-03-21',4,506,10,1,'CENA'),(624,'2024-03-30',3,507,5,1,'CENA'),(625,'2024-05-04',8,508,8,2,'ALMUERZO'),(627,'2024-04-17',5,509,10,1,'CENA'),(628,'2024-04-23',9,510,2,3,'ALMUERZO'),(629,'2024-03-21',5,511,6,1,'ALMUERZO'),(633,'2024-05-07',8,512,4,2,'CENA'),(634,'2024-05-06',8,513,10,1,'ALMUERZO'),(636,'2024-05-13',7,514,5,2,'ALMUERZO'),(637,'2024-04-06',9,515,2,1,'ALMUERZO'),(638,'2024-03-22',7,516,9,1,'ALMUERZO'),(639,'2024-03-17',8,517,2,2,'ALMUERZO'),(643,'2024-03-21',9,518,3,2,'CENA'),(644,'2024-04-28',7,519,9,2,'CENA'),(646,'2024-03-20',4,520,10,1,'CENA'),(647,'2024-04-22',3,521,7,2,'ALMUERZO'),(649,'2024-04-30',9,522,11,1,'CENA'),(652,'2024-04-11',8,523,2,2,'CENA'),(654,'2024-04-06',9,524,10,1,'ALMUERZO'),(655,'2024-04-13',9,525,3,1,'CENA'),(664,'2024-05-01',3,526,10,1,'CENA'),(669,'2024-05-13',8,527,11,1,'ALMUERZO'),(670,'2024-04-29',2,528,4,2,'ALMUERZO'),(672,'2024-04-14',8,529,4,3,'CENA'),(673,'2024-05-07',4,530,9,2,'ALMUERZO'),(674,'2024-05-03',7,531,2,1,'CENA'),(676,'2024-04-19',9,532,10,1,'CENA'),(677,'2024-04-10',2,533,1,3,'CENA'),(681,'2024-04-26',8,534,2,2,'ALMUERZO'),(682,'2024-03-13',9,535,2,2,'CENA'),(683,'2024-04-27',7,536,7,2,'CENA'),(684,'2024-03-27',2,537,5,2,'CENA'),(685,'2024-03-15',5,538,11,1,'CENA'),(688,'2024-05-10',3,539,6,1,'ALMUERZO'),(690,'2024-05-14',5,540,11,1,'ALMUERZO'),(692,'2024-04-15',8,541,6,2,'CENA'),(693,'2024-04-12',8,542,1,3,'CENA'),(694,'2024-04-07',8,543,11,1,'ALMUERZO'),(695,'2024-05-09',4,544,4,2,'CENA'),(696,'2024-03-15',9,545,10,1,'CENA'),(697,'2024-03-16',7,546,2,2,'ALMUERZO'),(698,'2024-04-01',4,547,7,2,'ALMUERZO'),(699,'2024-04-10',9,548,10,1,'ALMUERZO'),(700,'2024-04-22',4,549,9,2,'CENA'),(705,'2024-03-25',7,550,11,1,'ALMUERZO'),(707,'2024-05-10',9,551,5,2,'ALMUERZO'),(710,'2024-03-15',6,552,5,1,'CENA'),(714,'2024-04-17',6,553,9,2,'ALMUERZO'),(715,'2024-03-19',1,554,6,1,'ALMUERZO'),(716,'2024-04-05',3,555,2,2,'CENA'),(717,'2024-04-29',1,556,5,3,'ALMUERZO'),(719,'2024-03-22',8,557,4,2,'CENA'),(720,'2024-04-06',4,558,11,1,'CENA'),(721,'2024-05-13',2,559,6,1,'ALMUERZO'),(722,'2024-04-11',8,560,8,2,'CENA'),(724,'2024-03-26',4,561,3,2,'ALMUERZO'),(726,'2024-04-23',2,562,2,2,'CENA'),(729,'2024-03-28',3,563,1,7,'ALMUERZO'),(730,'2024-04-14',5,564,9,2,'ALMUERZO'),(731,'2024-05-08',4,565,4,2,'CENA'),(735,'2024-04-30',3,566,7,1,'ALMUERZO'),(736,'2024-05-01',4,567,11,1,'CENA'),(738,'2024-05-11',3,568,9,2,'ALMUERZO'),(739,'2024-03-28',9,569,2,1,'CENA'),(742,'2024-05-01',3,570,2,3,'ALMUERZO'),(743,'2024-04-10',9,571,2,2,'CENA'),(744,'2024-04-02',1,572,1,9,'CENA'),(745,'2024-03-29',4,573,10,1,'ALMUERZO'),(746,'2024-04-20',2,574,5,2,'CENA'),(747,'2024-04-29',4,575,8,2,'CENA'),(748,'2024-05-16',4,576,6,2,'ALMUERZO'),(749,'2024-03-28',8,577,10,1,'CENA'),(751,'2024-04-05',8,578,5,2,'ALMUERZO'),(752,'2024-05-13',3,579,8,3,'CENA'),(753,'2024-04-11',7,580,6,3,'ALMUERZO'),(754,'2024-04-21',9,581,8,2,'ALMUERZO'),(755,'2024-03-30',4,582,1,6,'CENA'),(757,'2024-04-25',4,583,5,1,'CENA'),(758,'2024-03-18',3,584,11,1,'ALMUERZO'),(759,'2024-04-25',8,585,8,2,'ALMUERZO'),(761,'2024-04-27',9,586,10,1,'ALMUERZO'),(763,'2024-05-08',1,587,11,1,'CENA'),(765,'2024-04-01',7,588,10,1,'CENA'),(766,'2024-03-28',4,589,7,1,'CENA'),(770,'2024-04-24',9,590,3,2,'ALMUERZO'),(776,'2024-04-07',7,591,3,1,'ALMUERZO'),(777,'2024-04-30',3,592,10,1,'CENA'),(778,'2024-05-13',6,593,7,1,'CENA'),(779,'2024-04-04',1,594,1,7,'CENA'),(780,'2024-03-14',4,595,1,7,'CENA'),(781,'2024-04-23',3,596,8,2,'ALMUERZO'),(783,'2024-05-08',2,597,10,1,'ALMUERZO'),(785,'2024-05-13',9,598,4,2,'CENA'),(786,'2024-04-05',4,599,4,1,'CENA'),(788,'2024-04-08',1,600,3,3,'ALMUERZO'),(790,'2024-05-04',3,601,1,2,'CENA'),(792,'2024-04-14',9,602,7,2,'ALMUERZO'),(793,'2024-04-02',3,603,9,1,'CENA'),(795,'2024-04-13',7,604,4,2,'CENA'),(796,'2024-04-13',9,605,10,1,'CENA'),(798,'2024-05-03',4,606,4,2,'ALMUERZO'),(799,'2024-05-16',4,607,8,2,'ALMUERZO'),(800,'2024-03-25',3,608,2,2,'ALMUERZO'),(801,'2024-04-02',7,609,7,1,'ALMUERZO');
/*!40000 ALTER TABLE `reservas` ENABLE KEYS */;
UNLOCK TABLES;
/*!40103 SET TIME_ZONE=@OLD_TIME_ZONE */;

/*!40101 SET SQL_MODE=@OLD_SQL_MODE */;
/*!40014 SET FOREIGN_KEY_CHECKS=@OLD_FOREIGN_KEY_CHECKS */;
/*!40014 SET UNIQUE_CHECKS=@OLD_UNIQUE_CHECKS */;
/*!40101 SET CHARACTER_SET_CLIENT=@OLD_CHARACTER_SET_CLIENT */;
/*!40101 SET CHARACTER_SET_RESULTS=@OLD_CHARACTER_SET_RESULTS */;
/*!40101 SET COLLATION_CONNECTION=@OLD_COLLATION_CONNECTION */;
/*!40111 SET SQL_NOTES=@OLD_SQL_NOTES */;

-- Dump completed on 2024-05-12 21:36:46
