CREATE DATABASE  IF NOT EXISTS `gestion_restaurante` /*!40100 DEFAULT CHARACTER SET utf8mb4 COLLATE utf8mb4_0900_ai_ci */ /*!80016 DEFAULT ENCRYPTION='N' */;
USE `gestion_restaurante`;
-- MySQL dump 10.13  Distrib 8.0.32, for Win64 (x86_64)
--
-- Host: localhost    Database: gestion_restaurante
-- ------------------------------------------------------
-- Server version	8.0.32

/*!40101 SET @OLD_CHARACTER_SET_CLIENT=@@CHARACTER_SET_CLIENT */;
/*!40101 SET @OLD_CHARACTER_SET_RESULTS=@@CHARACTER_SET_RESULTS */;
/*!40101 SET @OLD_COLLATION_CONNECTION=@@COLLATION_CONNECTION */;
/*!50503 SET NAMES utf8 */;
/*!40103 SET @OLD_TIME_ZONE=@@TIME_ZONE */;
/*!40103 SET TIME_ZONE='+00:00' */;
/*!40014 SET @OLD_UNIQUE_CHECKS=@@UNIQUE_CHECKS, UNIQUE_CHECKS=0 */;
/*!40014 SET @OLD_FOREIGN_KEY_CHECKS=@@FOREIGN_KEY_CHECKS, FOREIGN_KEY_CHECKS=0 */;
/*!40101 SET @OLD_SQL_MODE=@@SQL_MODE, SQL_MODE='NO_AUTO_VALUE_ON_ZERO' */;
/*!40111 SET @OLD_SQL_NOTES=@@SQL_NOTES, SQL_NOTES=0 */;

--
-- Table structure for table `clientes`
--

DROP TABLE IF EXISTS `clientes`;
/*!40101 SET @saved_cs_client     = @@character_set_client */;
/*!50503 SET character_set_client = utf8mb4 */;
CREATE TABLE `clientes` (
  `id` int NOT NULL AUTO_INCREMENT,
  `apellido` varchar(255) NOT NULL,
  `correo` varchar(255) NOT NULL,
  `nombre` varchar(255) NOT NULL,
  `telefono` varchar(255) NOT NULL,
  PRIMARY KEY (`id`),
  UNIQUE KEY `UK_ar8ntug2bm5pr1irt7f9oysox` (`correo`)
) ENGINE=InnoDB AUTO_INCREMENT=804 DEFAULT CHARSET=utf8mb4 COLLATE=utf8mb4_0900_ai_ci;
/*!40101 SET character_set_client = @saved_cs_client */;

--
-- Dumping data for table `clientes`
--

LOCK TABLES `clientes` WRITE;
/*!40000 ALTER TABLE `clientes` DISABLE KEYS */;
INSERT INTO `clientes` VALUES (1,'Taveira','juan.taveira@gmail.com','Juan','+34112233'),(2,'Messi','leo.messi@gmail.com','Leo','+34112233'),(3,'Azpiazu','asier@gmail.com','Asier','+34666000666'),(4,'Calvillo','norma.roque@hotmail.com','Lucas','944-487-866'),(5,'Perea','conchita.jaimes@yahoo.com','Javier','965789381'),(6,'Bahena','irene.otero@hotmail.com','Beatriz','913 871 630'),(7,'Caldera','emilia.santana@yahoo.com','Alberto','930.152.726'),(8,'Abreu','mario.alcantar@hotmail.com','Julio','998.319.835'),(9,'Carmona','soledad.benavidez@gmail.com','Tomás','942 764 583'),(10,'Concepción','laura.gonzales@yahoo.com','Miguel','965-387-269'),(11,'Arteaga','debora.granado@yahoo.com','Andrés','901 878 518'),(12,'Villalpando','patricia.zambrano@gmail.com','Mateo','995-077-852'),(13,'Samaniego','pedro.fierro@hotmail.com','Gerardo','959-019-522'),(14,'Almonte','salvador.alanis@gmail.com','Luis Miguel','985.152.796'),(15,'Menchaca','francisco.prieto@gmail.com','Anita','931816747'),(16,'Uribe','timoteo.aponte@yahoo.com','Emilia','921.253.523'),(17,'Vergara','mario.suarez@gmail.com','Julio César','950-456-606'),(18,'Montez','rebeca.trujillo@gmail.com','Virginia','925 399 639'),(19,'Rodarte','esperanza.delapaz@yahoo.com','Mariano','948-452-061'),(20,'Bermúdez','anamaria.garibay@hotmail.com','Alfredo','992.259.964'),(21,'Alcántar','felipe.cotto@hotmail.com','José','991761791'),(22,'Rivero','esperanza.cardenas@yahoo.com','Guadalupe','919-217-633'),(23,'Almonte','andres.gollum@gmail.com','Teresa','934.997.366'),(24,'Delgadillo','rebeca.nieves@gmail.com','Sara','900 057 047'),(25,'Martínez','mariano.menendez@yahoo.com','Enrique','973 848 255'),(26,'Nazario','berta.zamudio@yahoo.com','Lorena','990-652-994'),(27,'Villa','patricio.garrido@hotmail.com','Carmen','997 515 855'),(28,'Villa','leticia.escalante@yahoo.com','Martín','930 526 177'),(29,'Cornejo','enrique.abreu@gmail.com','Bernardo','960-186-560'),(30,'Rosario','guillermo.quinonez@yahoo.com','Sancho','910-452-256'),(31,'Iglesias','diego.carranza@yahoo.com','José Emilio','949 140 250'),(32,'Hernández','daniel.negron@gmail.com','Juan Carlos','982 549 166'),(33,'Domínguez','manuel.colon@yahoo.com','Gabriel','912.500.142'),(34,'Sanabria','marcela.acevedo@hotmail.com','Ana','903.549.580'),(35,'Archuleta','armando.anaya@gmail.com','Óscar','954627755'),(36,'Valdivia','rosario.colunga@hotmail.com','Juan','900-017-196'),(37,'Nájera','eva.cotto@hotmail.com','Arturo','909 683 773'),(38,'González','florencia.menchaca@gmail.com','Luis','912575261'),(39,'Casanova','nicolas.olivas@yahoo.com','Florencia','949.589.761'),(40,'Godoy','ruben.montero@hotmail.com','Vicente','946-047-969'),(41,'Cazares','cecilia.ortiz@gmail.com','Lola','931082164'),(42,'Mejía','daniel.mares@gmail.com','Mario','907460301'),(43,'Meza','sergio.alvarado@hotmail.com','Bernardo','916-101-924'),(44,'Sepúlveda','santiago.villarreal@hotmail.com','Rocio','997738311'),(45,'Feliciano','virginia.cotto@hotmail.com','Carlos','996.530.973'),(46,'Bueno','sancho.rojo@gmail.com','Carmen','970.557.047'),(47,'Rojas','mariaelena.cintron@yahoo.com','José Luis','972.598.051'),(48,'Chacón','olivia.trevino@hotmail.com','Federico','900 622 014'),(49,'Guerrero','adela.sandoval@hotmail.com','Clara','907 013 986'),(50,'Terán','guadalupe.rodriquez@yahoo.com','Diana','998 532 874'),(51,'Espino','homero.monroy@gmail.com','Verónica','994-884-467'),(52,'Núñez','agustin.granados@hotmail.com','Miguel Ángel','952584650'),(53,'Mateo','bernardo.duenas@hotmail.com','Horacio','973 935 608'),(54,'Rosales','claudio.magana@hotmail.com','Francisca','907 731 936'),(55,'Tafoya','diego.mercado@gmail.com','José Emilio','941251090'),(56,'Mota','isabela.gaona@gmail.com','Diego','928-312-402'),(57,'Niño','raul.carmona@gmail.com','Luis','976 646 791'),(58,'Espinal','magdalena.henriquez@gmail.com','Clara','942-890-667'),(59,'Solorio','pilar.avalos@gmail.com','Ana Luisa','958738784'),(60,'Valladares','salvador.marrero@gmail.com','Cristina','974 506 784'),(61,'Barrera','gonzalo.delvalle@hotmail.com','Arturo','900-370-386'),(62,'Alejandro','guillermo.muro@gmail.com','Diana','960 158 840'),(63,'Navarro','pedro.delgado@yahoo.com','Ramiro','998021517'),(64,'Zambrano','rocio.fierro@gmail.com','Leticia','994-298-591'),(65,'Brito','guillermo.tejeda@yahoo.com','María Eugenia','936-808-885'),(66,'Ávila','cecilia.barrios@gmail.com','Catalina','992 851 496'),(67,'Ceballos','anita.pulido@hotmail.com','Roberto','921 854 291'),(68,'Lucio','carlota.henriquez@gmail.com','Lourdes','911 436 603'),(69,'Escobedo','jacobo.limon@hotmail.com','Alfredo','994.049.001'),(70,'Sandoval','santiago.herrera@hotmail.com','Rosa','957.729.297'),(71,'Galván','margarita.lucero@hotmail.com','Diego','911606093'),(72,'Salinas','homero.moreno@hotmail.com','Santiago','956-042-996'),(73,'Lovato','sonia.rios@gmail.com','David','916-571-766'),(74,'Bravo','caridad.cantu@yahoo.com','Conchita','916842356'),(75,'Crespo','roberto.ortega@gmail.com','Débora','908.426.921'),(76,'Solorio','mariana.pizarro@gmail.com','Olivia','933.271.430'),(77,'Figueroa','adela.venegas@yahoo.com','Javier','982 360 888'),(78,'Casas','andrea.reynoso@yahoo.com','Fernando','947.364.463'),(79,'Henríquez','jeronimo.delagarza@hotmail.com','Hernán','944080152'),(80,'Roybal','gregorio.yanez@gmail.com','Inés','916-280-543'),(81,'Cervántez','irene.molina@yahoo.com','Magdalena','955-247-593'),(82,'Monroy','marisol.ponce@hotmail.com','Isabel','960036866'),(83,'Córdova','berta.casares@gmail.com','María del Carmen','953.280.785'),(84,'Casillas','alfredo.zapata@hotmail.com','Raúl','943-905-854'),(85,'Rodríquez','ruben.lebron@hotmail.com','Conchita','965-934-705'),(86,'Valenzuela','rosario.villanueva@yahoo.com','Jorge','960.952.164'),(87,'Vallejo','emilio.delrio@gmail.com','Alberto','909024085'),(88,'Enríquez','berta.martinez@hotmail.com','Victoria','991-865-550'),(89,'Trejo','antonia.farias@yahoo.com','María José','994.541.424'),(90,'Alemán','esperanza.duran@gmail.com','Adán','911 960 130'),(91,'Godínez','leonor.heredia@hotmail.com','Carla','935-228-357'),(92,'Arellano','alfredo.resendez@hotmail.com','Luisa','955 434 213'),(93,'Molina','gregorio.parra@gmail.com','Victoria','945 582 929'),(94,'López','lourdes.cazares@hotmail.com','Juan Carlos','970.138.221'),(95,'Farías','gloria.bravo@yahoo.com','Alejandro','998-099-670'),(96,'Cardenas','esteban.partida@hotmail.com','María','966 175 552'),(97,'Laureano','elvira.miramontes@gmail.com','Isabela','913-448-117'),(98,'Luevano','florencia.pina@yahoo.com','Jorge Luis','957-253-053'),(99,'Prado','horacio.carvajal@gmail.com','Ariadna','989-085-219'),(100,'Nieto','esteban.carvajal@gmail.com','Nicolás','945 265 763'),(101,'Villalobos','sofia.acevedo@yahoo.com','Ricardo','915.033.663'),(102,'Batista','elena.velez@gmail.com','Antonia','903.442.400'),(103,'Fuentes','guillermo.adame@yahoo.com','Óscar','927905230'),(104,'Pedroza','rocio.venegas@gmail.com','Nicolás','917.438.929'),(105,'Guevara','jorge.maldonado@gmail.com','Alicia','979822430'),(106,'Anaya','ernesto.berrios@gmail.com','Jaime','968.947.337'),(107,'Arellano','luismiguel.fernandez@gmail.com','Felipe','927483664'),(108,'Godoy','david.quezada@yahoo.com','Elena','989309387'),(109,'Botello','mariadelcarmen.acuna@gmail.com','Guillermo','962-336-978'),(110,'Lozada','adriana.mata@gmail.com','María Eugenia','915.158.996'),(111,'Galarza','mariajose.munoz@yahoo.com','Jacobo','997257642'),(112,'Collado','sara.serrano@yahoo.com','Germán','908-530-405'),(113,'Echevarría','daniel.zaragoza@yahoo.com','Elsa','919.935.999'),(114,'Alfaro','luisa.berrios@yahoo.com','Antonio','909071692'),(115,'Candelaria','irene.angulo@gmail.com','Barbara','982.029.610'),(116,'Alarcón','gerardo.mireles@hotmail.com','Maricarmen','975-278-469'),(117,'Naranjo','norma.nava@hotmail.com','Diego','905.982.257'),(118,'Vega','barbara.casares@yahoo.com','Eduardo','914548134'),(119,'Esparza','alfredo.escobar@gmail.com','Eloisa','917.274.725'),(120,'Echevarría','angela.duran@hotmail.com','Blanca','953.407.999'),(121,'Ulloa','julio.sotelo@gmail.com','Germán','966.159.430'),(122,'Quintero','adriana.marroquin@gmail.com','Beatriz','930.968.992'),(123,'Mondragón','virginia.padilla@hotmail.com','Guillermina','976.296.194'),(124,'Villalpando','raul.madrid@gmail.com','Alejandro','914 158 056'),(125,'Báez','antonio.moya@yahoo.com','Ignacio','924 425 817'),(126,'Aranda','emilia.henriquez@yahoo.com','Ricardo','902-089-144'),(127,'Alemán','gabriela.pabon@yahoo.com','Conchita','925-596-795'),(128,'Armenta','manuela.villagomez@hotmail.com','Alfonso','932 808 713'),(129,'Bermúdez','timoteo.muro@hotmail.com','Luis Miguel','922 593 882'),(130,'Puga','federico.urrutia@yahoo.com','Lucia','926 158 882'),(131,'Vergara','mariana.zapata@hotmail.com','Cristian','971.790.050'),(132,'Noriega','teodoro.guillen@hotmail.com','Germán','916 733 599'),(133,'Valdés','federico.quinones@yahoo.com','Elvira','904-570-677'),(134,'Hurtado','patricio.alanis@hotmail.com','Carla','905 357 088'),(135,'Navarrete','jorge.hurtado@yahoo.com','Marcela','986-514-501'),(136,'Carvajal','francisco.avalos@gmail.com','Enrique','968.472.985'),(137,'Oquendo','manuela.vera@hotmail.com','Pablo','977331406'),(138,'Zepeda','hernan.sandoval@yahoo.com','Pilar','956 540 102'),(139,'Barela','salvador.meza@yahoo.com','Bernardo','915963626'),(140,'Aguirre','gregorio.zaragoza@hotmail.com','Santiago','972 373 828'),(141,'Casares','mariaelena.santillan@yahoo.com','Felipe','916262874'),(142,'Tamez','jesus.macias@hotmail.com','Carla','957.562.848'),(143,'Mesa','ricardo.salazar@yahoo.com','Alejandra','987.831.133'),(144,'Robles','andres.espinoza@yahoo.com','Gloria','952055974'),(145,'Márquez','carmen.almonte@yahoo.com','Mariano','902810690'),(146,'Niño','juan.espinosa@hotmail.com','Alejandro','906-762-643'),(147,'Briones','jose.casarez@hotmail.com','Raquel','911.998.062'),(148,'Casárez','julia.sauceda@gmail.com','Rosario','934.720.277'),(149,'Dueñas','francisca.gastelum@gmail.com','Ángela','984-269-085'),(150,'Bonilla','mariajose.mascarenas@yahoo.com','Ricardo','926038847'),(151,'Zarate','rocio.alarcon@gmail.com','Elena','990.899.797'),(152,'Linares','mateo.armas@hotmail.com','Leonor','940 612 030'),(153,'Villalpando','patricio.collado@yahoo.com','Marcos','935 520 157'),(154,'Aguilera','juana.montes@gmail.com','Óscar','955 717 835'),(155,'Alemán','yolanda.villa@gmail.com','Antonio','973-008-656'),(156,'Alcala','magdalena.ruiz@gmail.com','Jorge','975079472'),(157,'Campos','pilar.zambrano@yahoo.com','Rosa','999 865 212'),(158,'Ortega','rodrigo.murillo@yahoo.com','Alicia','937.974.943'),(159,'Cardenas','joaquin.briseno@hotmail.com','Jorge Luis','949-808-048'),(160,'Saldivar','ramiro.bravo@yahoo.com','Virginia','993.828.916'),(161,'Toledo','antonio.cervantes@yahoo.com','Raúl','935-275-752'),(162,'Orozco','francisco.gallegos@hotmail.com','Carmen','976 670 837'),(163,'Urías','elena.holguin@hotmail.com','Lucia','929 785 383'),(164,'Menchaca','miguelangel.arellano@yahoo.com','José Eduardo','908572919'),(165,'Solorio','debora.perez@gmail.com','Martín','930.438.848'),(166,'Delafuente','roberto.zamora@gmail.com','Samuel','926.717.086'),(167,'Meraz','andrea.alicea@gmail.com','Homero','918 337 834'),(168,'Tamayo','marilu.delgado@gmail.com','Arturo','933 374 917'),(169,'Leyva','adela.moya@hotmail.com','Cristina','986310430'),(170,'Roldán','marta.corona@gmail.com','Beatriz','937.469.468'),(171,'Batista','guillermina.badillo@gmail.com','Timoteo','957 919 587'),(172,'Dávila','ernesto.medrano@hotmail.com','Gloria','987 731 903'),(173,'Ramos','luisa.rodriguez@hotmail.com','Cristina','919188385'),(174,'Corrales','lorenzo.mojica@gmail.com','Benjamín','933-879-972'),(175,'Arredondo','dorotea.caraballo@yahoo.com','Marcos','987.438.343'),(176,'Rodarte','octavio.zapata@hotmail.com','Verónica','961201971'),(177,'Zamudio','ruben.flores@yahoo.com','Lucas','957 994 643'),(178,'Rascón','horacio.valentin@yahoo.com','Marta','973822051'),(179,'Díaz','sergio.sauceda@yahoo.com','Florencia','966.232.370'),(180,'Vaca','gloria.rivera@gmail.com','Dorotea','986454778'),(181,'Canales','emilia.palomo@gmail.com','Manuel','962903243'),(182,'Vega','raul.tovar@gmail.com','Gilberto','939-801-959'),(183,'Delafuente','olivia.montez@hotmail.com','Jorge Luis','966-173-035'),(184,'Mercado','felipe.perez@hotmail.com','Teodoro','956.726.258'),(185,'Rivas','maricarmen.granado@yahoo.com','Marilu','984 738 654'),(186,'Baca','clara.hinojosa@gmail.com','María Soledad','908248461'),(187,'Tafoya','luis.batista@hotmail.com','Adela','995.271.411'),(188,'Herrera','jose.corrales@gmail.com','Elvira','943472739'),(189,'Granados','jaime.abreu@hotmail.com','Marco Antonio','973.144.609'),(190,'Briones','benjamin.bernal@hotmail.com','César','924.779.804'),(191,'Preciado','leonor.vigil@gmail.com','María del Carmen','994-271-512'),(192,'Almaraz','gregorio.terrazas@yahoo.com','Catalina','911 790 490'),(193,'Figueroa','oscar.hernandez@gmail.com','Ricardo','967776716'),(194,'Almaraz','josemaria.lugo@hotmail.com','Clara','940 970 015'),(195,'Robles','margarita.uribe@gmail.com','Luz','971587133'),(196,'Acuña','alfredo.borrego@hotmail.com','Teodoro','904 303 997'),(197,'Perea','juan.banda@gmail.com','Salvador','983 823 139'),(198,'Franco','gabriel.garza@hotmail.com','Mario','952-866-045'),(199,'Santana','gilberto.delagarza@gmail.com','Mercedes','902-231-760'),(200,'Caballero','francisco.olvera@hotmail.com','Anita','963-751-323'),(201,'Ybarra','virginia.osorio@yahoo.com','Esteban','935.852.837'),(202,'Jimínez','anita.montez@hotmail.com','Emilia','987.531.762'),(203,'Ayala','monica.mayorga@gmail.com','Esteban','945.046.503'),(204,'Valles','joaquin.caraballo@hotmail.com','Arturo','998778307'),(205,'Jiménez','mariacristina.centeno@hotmail.com','Gilberto','956.840.706'),(206,'Lebrón','mariadelcarmen.alvarez@hotmail.com','Luis Miguel','972 960 524'),(207,'Medina','patricia.guillen@hotmail.com','Reina','982 640 859'),(208,'Saiz','barbara.anguiano@hotmail.com','Margarita','960 863 569'),(209,'Matos','adriana.gaona@hotmail.com','María Eugenia','951 115 627'),(210,'Osorio','antonia.velasquez@hotmail.com','Gabriel','909015990'),(211,'Duran','gloria.anguiano@yahoo.com','Pablo','930-553-311'),(212,'Ríos','roberto.barrios@yahoo.com','Samuel','986.801.034'),(213,'Cruz','soledad.maldonado@gmail.com','Ricardo','948.510.108'),(214,'Montes','rebeca.urena@hotmail.com','Tomás','960.904.592'),(215,'Navarro','pilar.grijalva@yahoo.com','Rosa','950 829 004'),(216,'Rosas','elena.puente@hotmail.com','Sofia','965890768'),(217,'Alanis','diana.valdez@gmail.com','Rebeca','942-126-505'),(218,'Solorzano','manuela.lucero@gmail.com','Carlos','995-839-063'),(219,'Carrillo','silvia.valles@gmail.com','Miguel Ángel','932.901.349'),(220,'Venegas','lourdes.escalante@gmail.com','Agustín','990 801 668'),(221,'Sandoval','rodrigo.galarza@hotmail.com','Adela','929.119.843'),(222,'Quiroz','luz.aleman@hotmail.com','David','977 907 661'),(223,'Banda','felipe.delarosa@hotmail.com','María Cristina','907.287.455'),(224,'Villarreal','josefina.sosa@hotmail.com','Armando','919942873'),(225,'Saiz','manuela.lozano@yahoo.com','Fernando','923-526-439'),(226,'Angulo','blanca.alfaro@hotmail.com','Gustavo','984098847'),(227,'Zayas','elsa.serna@gmail.com','Sofia','900-791-922'),(228,'Mercado','gerardo.pantoja@yahoo.com','Andrés','969-839-837'),(229,'Chavarría','david.manzanares@gmail.com','Susana','950.389.984'),(230,'Griego','mariasoledad.renteria@yahoo.com','Andrés','996.567.622'),(231,'Orozco','leticia.guajardo@hotmail.com','Marilu','944.244.396'),(232,'Figueroa','joseemilio.arana@yahoo.com','Jacobo','939.709.792'),(233,'Jaimes','mateo.acosta@gmail.com','Guillermina','989644990'),(234,'Gutiérrez','jesus.caldera@yahoo.com','José María','990 409 581'),(235,'Rael','eloisa.aguilera@hotmail.com','Eduardo','905.271.653'),(236,'Verdugo','mariadelcarmen.villalpando@gmail.com','Julia','919.759.994'),(237,'Muñoz','margarita.gallardo@gmail.com','Barbara','963-260-310'),(238,'Almaraz','mario.orosco@hotmail.com','Marta','953578784'),(239,'Cervántez','raquel.briones@gmail.com','Daniel','990 014 638'),(240,'Guardado','jeronimo.robles@yahoo.com','Lorena','983-329-695'),(241,'Chacón','victor.montenegro@gmail.com','Timoteo','961-713-140'),(242,'Mena','gilberto.gonzales@yahoo.com','María Eugenia','919328774'),(243,'Mata','adan.agosto@gmail.com','Benjamín','909.698.396'),(244,'Gamboa','manuel.razo@yahoo.com','José Luis','933169321'),(245,'Solís','ariadna.guerrero@hotmail.com','Ariadna','998-934-874'),(246,'Ibarra','carmen.lerma@gmail.com','Leticia','998268052'),(247,'Vélez','adan.valadez@hotmail.com','Carmen','963717503'),(248,'Casárez','josemaria.ayala@hotmail.com','Magdalena','980562427'),(249,'Velasco','alberto.valdes@gmail.com','José Eduardo','987.730.165'),(250,'Acevedo','jesus.castellanos@gmail.com','Ángela','936.593.450'),(251,'Curiel','patricia.villanueva@hotmail.com','Emilio','974782893'),(252,'Ávila','homero.becerra@hotmail.com','Yolanda','980-076-981'),(253,'Reyes','laura.tejada@yahoo.com','David','993-213-110'),(254,'Méndez','isabela.echevarria@yahoo.com','Marilu','985 907 748'),(255,'Flores','andres.galarza@yahoo.com','María José','970-703-566'),(256,'Mojica','ester.florez@hotmail.com','Marisol','926 950 114'),(257,'Aponte','lola.aguirre@hotmail.com','Josefina','920109349'),(258,'Gálvez','ricardo.romero@hotmail.com','Sonia','986.763.217'),(259,'Prado','dolores.franco@yahoo.com','Claudio','981.149.243'),(260,'Almaraz','veronica.santacruz@yahoo.com','Gonzalo','942.424.139'),(261,'Calvillo','lucas.gonzales@hotmail.com','María Elena','958.888.347'),(262,'Fonseca','diego.tafoya@hotmail.com','Pilar','931.072.966'),(263,'Soria','guillermina.mondragon@yahoo.com','Silvia','946.997.076'),(264,'Armenta','joseemilio.pichardo@gmail.com','Miguel','964 884 053'),(265,'Zayas','alicia.salazar@hotmail.com','Gabriela','943 719 649'),(266,'Figueroa','elisa.torrez@gmail.com','Santiago','993.573.333'),(267,'Alonzo','alejandro.saucedo@gmail.com','Isabela','928-608-621'),(268,'Hurtado','eduardo.bermudez@gmail.com','Rafael','936582686'),(269,'Alonso','irene.palomino@hotmail.com','María Luisa','968 423 437'),(270,'Guillen','joseemilio.palomino@yahoo.com','Silvia','975.508.121'),(271,'Lozada','marialuisa.armijo@hotmail.com','Carla','929.492.220'),(272,'Mercado','fernando.zamora@hotmail.com','Mónica','968.005.981'),(273,'Bonilla','lilia.yanez@yahoo.com','Débora','919751964'),(274,'Valle','analuisa.alonso@gmail.com','Antonio','910 535 565'),(275,'Armijo','susana.acuna@hotmail.com','Sara','958360614'),(276,'Toledo','joseeduardo.ordonez@yahoo.com','Luz','941826199'),(277,'Duran','margarita.madrid@hotmail.com','Octavio','978413671'),(278,'Escamilla','berta.santiago@gmail.com','Luis Miguel','929 564 957'),(279,'Cadena','conchita.correa@gmail.com','Florencia','999 353 548'),(280,'Escalante','homero.ortiz@yahoo.com','Ernesto','965 693 781'),(281,'Treviño','salvador.cordova@yahoo.com','Joaquín','900391565'),(282,'Canales','cesar.atencio@yahoo.com','Arturo','909427920'),(283,'Mata','octavio.carbajal@gmail.com','Federico','942-647-667'),(284,'Almonte','alfonso.florez@yahoo.com','Gustavo','958-630-948'),(285,'Carrion','elisa.marquez@yahoo.com','Lorena','901-169-756'),(286,'Ruelas','esperanza.fierro@hotmail.com','Teodoro','998364546'),(287,'Beltrán','guillermina.cortez@yahoo.com','Inés','936.549.283'),(288,'Batista','caridad.negrete@gmail.com','Adriana','913.383.724'),(289,'Candelaria','guillermo.ochoa@gmail.com','Sancho','940938039'),(290,'Rangel','luisa.alanis@yahoo.com','Leticia','938.451.952'),(291,'Samaniego','joseluis.bernal@hotmail.com','Blanca','966 624 420'),(292,'Robles','luis.pena@gmail.com','José Eduardo','907 891 003'),(293,'Guardado','irene.sedillo@gmail.com','Miguel','929-445-516'),(294,'Leyva','isabel.anaya@hotmail.com','José Luis','980.775.970'),(295,'Gaona','ines.alfaro@hotmail.com','Inés','910 987 663'),(296,'Montoya','raul.duran@hotmail.com','Lilia','958591111'),(297,'Estrada','lorena.colon@yahoo.com','Alfonso','940571351'),(298,'Ybarra','julio.corral@gmail.com','Jerónimo','915-701-575'),(299,'Vargas','eloisa.gracia@yahoo.com','Benito','980.930.267'),(300,'López','sofia.melendez@hotmail.com','Beatriz','901 375 863'),(301,'Villalpando','alicia.rivero@hotmail.com','Alfonso','993.916.569'),(302,'Sedillo','patricia.cepeda@yahoo.com','Mónica','919172847'),(303,'Zelaya','miguelangel.cisneros@hotmail.com','Miguel','997.231.936'),(304,'Duarte','eduardo.lucero@hotmail.com','Elena','931 988 346'),(305,'Verdugo','raul.cervantez@yahoo.com','Jacobo','974575564'),(306,'Narváez','irene.alvarado@yahoo.com','Cecilia','949-742-883'),(307,'Soliz','horacio.alcantar@gmail.com','Gabriel','938 289 846'),(308,'Valdivia','enrique.farias@hotmail.com','Alfonso','944 765 912'),(309,'Escobar','ernesto.guerrero@yahoo.com','Guillermo','966463058'),(310,'Rodrígez','natalia.galvez@yahoo.com','Rosario','952-713-810'),(311,'Sánchez','jaime.espinoza@gmail.com','Concepción','975911404'),(312,'Casárez','joaquin.barela@hotmail.com','Benito','968-066-145'),(313,'Meraz','veronica.vazquez@gmail.com','Víctor','935 197 195'),(314,'Moya','rocio.alarcon@yahoo.com','Jesús','999389202'),(315,'Colunga','cristobal.balderas@yahoo.com','Victoria','943 323 162'),(316,'Orozco','ruben.guajardo@gmail.com','Vicente','978-044-987'),(317,'Villalpando','ignacio.gurule@yahoo.com','Norma','974.609.745'),(318,'Villanueva','ana.betancourt@hotmail.com','Antonia','907-452-162'),(319,'Araña','rocio.maestas@hotmail.com','Horacio','912253684'),(320,'Toledo','bernardo.casillas@yahoo.com','Irene','949539924'),(321,'García','salvador.quintana@gmail.com','José Emilio','937-335-034'),(322,'Carrero','timoteo.tellez@hotmail.com','Elvira','924259567'),(323,'Escamilla','marta.villanueva@yahoo.com','Arturo','969871044'),(324,'Carranza','norma.brito@hotmail.com','Soledad','936 954 068'),(325,'Araña','benito.aviles@hotmail.com','Adriana','934162836'),(326,'Negrón','agustin.peres@hotmail.com','Arturo','904 241 243'),(327,'Correa','emilia.quintero@yahoo.com','Rafael','972691066'),(328,'Mora','eloisa.pantoja@yahoo.com','Ester','965205891'),(329,'Ávalos','juancarlos.rosales@hotmail.com','Mariano','911-377-025'),(330,'Casanova','jeronimo.apodaca@yahoo.com','Beatriz','924 033 202'),(331,'Tejeda','marialuisa.alonzo@yahoo.com','Ernesto','949.728.377'),(332,'Garrido','gregorio.guardado@gmail.com','Adán','991 155 468'),(333,'Collado','jesus.estrada@hotmail.com','Gilberto','958 264 439'),(334,'Moya','vicente.reyna@yahoo.com','Manuela','969 788 104'),(335,'Miramontes','anita.alvarado@gmail.com','Maricarmen','958858148'),(336,'Correa','mercedes.patino@yahoo.com','Norma','925 984 332'),(337,'Almonte','caridad.mireles@gmail.com','Mario','968.051.963'),(338,'Mares','micaela.rojo@yahoo.com','Graciela','990-368-192'),(339,'Armas','timoteo.iglesias@hotmail.com','Josefina','902608635'),(340,'Holguín','ramiro.quesada@gmail.com','Joaquín','978-292-919'),(341,'Ulloa','emilio.montero@yahoo.com','Florencia','926 406 655'),(342,'Vera','rosario.villagomez@hotmail.com','Santiago','930-749-381'),(343,'Vela','armando.segura@gmail.com','Gloria','999685616'),(344,'Guerrero','miguelangel.carrasco@yahoo.com','Roberto','994-010-622'),(345,'Nazario','elisa.alarcon@hotmail.com','Yolanda','943-232-342'),(346,'Valladares','anita.vazquez@yahoo.com','Mariano','984049829'),(347,'Véliz','rodrigo.montez@gmail.com','Alfredo','953-604-492'),(348,'Jasso','cristian.villalobos@hotmail.com','Carmen','976-231-373'),(349,'Lovato','victoria.guevara@hotmail.com','Horacio','909.430.792'),(350,'Mesa','nicolas.luevano@gmail.com','Miguel Ángel','930-940-138'),(351,'Sandoval','teresa.almaraz@gmail.com','Pilar','968 927 126'),(352,'Guardado','isabel.cedillo@gmail.com','Sancho','928 680 420'),(353,'Cantú','mariacristina.heredia@yahoo.com','José Emilio','946 616 146'),(354,'Carrion','joaquin.ortega@yahoo.com','Catalina','949.864.118'),(355,'Vela','alfonso.valles@gmail.com','Cristobal','957365695'),(356,'Segovia','joseeduardo.soliz@yahoo.com','María Soledad','933-395-424'),(357,'Casas','ruben.carbajal@yahoo.com','Diego','960-087-064'),(358,'Solano','carlota.aragon@gmail.com','Silvia','911-996-672'),(359,'Baeza','marcos.garay@gmail.com','Margarita','958.654.967'),(360,'Menéndez','conchita.rolon@yahoo.com','Luis','987 554 173'),(361,'Peña','anita.sanabria@hotmail.com','Ernesto','971 165 987'),(362,'Chapa','clara.castillo@gmail.com','María José','973.061.142'),(363,'Sisneros','daniel.bustamante@hotmail.com','Luisa','949 377 123'),(364,'Atencio','cristina.patino@yahoo.com','Raúl','977-991-783'),(365,'Huerta','mariano.pedroza@gmail.com','Armando','940.198.808'),(366,'Santillán','blanca.llamas@hotmail.com','Ramón','990-553-295'),(367,'Preciado','rocio.frias@hotmail.com','Estela','958024873'),(368,'Solorio','susana.matias@yahoo.com','Mariana','913 424 083'),(369,'Granados','arturo.arce@hotmail.com','Cristian','930298523'),(370,'Acuña','salvador.montez@gmail.com','Marco Antonio','966 113 728'),(371,'Contreras','cristian.nunez@yahoo.com','Guillermo','989681524'),(372,'Arenas','blanca.lara@yahoo.com','Rosa','931980628'),(373,'Pérez','marta.mata@gmail.com','Agustín','968 309 459'),(374,'Blanco','analuisa.rincon@yahoo.com','Yolanda','911-553-065'),(375,'Villalpando','ruben.briones@hotmail.com','Esperanza','933.044.096'),(376,'Gaytán','mariasoledad.jaime@yahoo.com','Claudio','996 914 283'),(377,'Rivero','irene.feliciano@yahoo.com','Roberto','902 467 706'),(378,'Sotelo','berta.espinal@gmail.com','Horacio','942-845-240'),(379,'Zayas','luismiguel.urrutia@gmail.com','Susana','998-929-982'),(380,'Benavídez','reina.arreola@yahoo.com','Lorena','954-525-871'),(381,'Nevárez','andrea.vargas@hotmail.com','Eduardo','924-251-808'),(382,'Benítez','rebeca.palomo@hotmail.com','Jerónimo','923-840-357'),(383,'Vázquez','jorge.bravo@yahoo.com','Cristobal','978-567-707'),(384,'Pacheco','marilu.rodriguez@hotmail.com','Claudia','953.343.199'),(385,'Sauceda','angela.cazares@hotmail.com','José Eduardo','998 678 838'),(386,'Camarillo','isabela.velazquez@gmail.com','Claudia','949.762.828'),(387,'Velázquez','jorge.ceballos@hotmail.com','Felipe','952 763 864'),(388,'Zúñiga','isabel.razo@hotmail.com','Claudio','911.692.479'),(389,'Esparza','carmen.centeno@hotmail.com','Blanca','993529088'),(390,'Gálvez','anamaria.ortega@gmail.com','Débora','918880945'),(391,'Bañuelos','laura.ozuna@gmail.com','Manuel','903 368 968'),(392,'Lucio','esteban.rael@yahoo.com','Cristobal','980986810'),(393,'Cabán','carlos.suarez@gmail.com','Carlota','909 158 861'),(394,'Puga','micaela.zamora@hotmail.com','Patricio','915.641.386'),(395,'Manzanares','marisol.espino@hotmail.com','Elena','944 682 042'),(396,'Peralta','silvia.atencio@gmail.com','Martín','905677353'),(397,'Ortega','marcela.laureano@hotmail.com','Vicente','976370530'),(398,'Valdés','lilia.prieto@gmail.com','Vicente','943 689 964'),(399,'Jiménez','eva.ornelas@yahoo.com','Blanca','986842283'),(400,'Salas','raquel.contreras@hotmail.com','Mayte','943-518-339'),(401,'Lugo','ricardo.menendez@gmail.com','Mercedes','958020999'),(402,'Fierro','jorgeluis.arreola@hotmail.com','Jorge','965-056-853'),(403,'Rivas','marisol.montero@gmail.com','Ramón','998003724'),(404,'Blanco','joseeduardo.vasquez@hotmail.com','Daniel','938.468.753'),(405,'Montez','pablo.cazares@gmail.com','Julio','978-849-359'),(406,'Rosado','gonzalo.castillo@gmail.com','Adriana','986819696'),(407,'Orozco','daniela.mejia@yahoo.com','Jorge Luis','939-986-066'),(408,'Peña','raquel.sanabria@yahoo.com','Verónica','936 529 043'),(409,'Samaniego','marilu.barajas@gmail.com','Caridad','977520375'),(410,'Laureano','eloisa.rivero@yahoo.com','Lucia','953 421 280'),(411,'Malave','david.villasenor@hotmail.com','Rosa','921281584'),(412,'Castañeda','gloria.portillo@hotmail.com','Claudio','939838303'),(413,'Prieto','ignacio.figueroa@hotmail.com','Patricia','999-132-399'),(414,'Nieto','bernardo.gastelum@gmail.com','Jaime','969-557-020'),(415,'Serrato','gerardo.chapa@yahoo.com','Rodrigo','929.140.338'),(416,'Guardado','ernesto.galarza@gmail.com','Francisco','975-932-033'),(417,'Macías','lorena.hernandes@yahoo.com','Eloisa','971373436'),(418,'Irizarry','patricia.posada@hotmail.com','Luz','914 593 914'),(419,'Rivero','pilar.valladares@gmail.com','César','929 434 650'),(420,'Romo','cecilia.zayas@yahoo.com','Inés','997653181'),(421,'Araña','ester.carrillo@gmail.com','Germán','949 741 160'),(422,'Figueroa','sonia.leal@gmail.com','Ángela','902.092.282'),(423,'Fierro','ernesto.montemayor@gmail.com','José','952 484 469'),(424,'Montemayor','olivia.santillan@hotmail.com','Mayte','945914379'),(425,'Riojas','josemaria.ybarra@gmail.com','Diego','948 346 114'),(426,'Valladares','vicente.segura@gmail.com','Gilberto','974769701'),(427,'Ponce','hernan.meraz@hotmail.com','Jesús','966-313-614'),(428,'Orozco','armando.ballesteros@gmail.com','Guadalupe','959.702.919'),(429,'Godoy','maricarmen.valenzuela@yahoo.com','María del Carmen','980.144.643'),(430,'Bustos','juana.banda@hotmail.com','Carlota','947 374 971'),(431,'Domínquez','marcela.solis@hotmail.com','Federico','958.342.055'),(432,'Armendáriz','elisa.caraballo@yahoo.com','Alfonso','988450749'),(433,'Orozco','ruben.cervantes@hotmail.com','Teodoro','987845972'),(434,'Delgado','catalina.estrada@hotmail.com','Miguel','939 177 719'),(435,'Llamas','maria.fajardo@yahoo.com','Luisa','933302567'),(436,'Barreto','sonia.arce@hotmail.com','Adán','943.722.993'),(437,'Ramón','guillermo.gaona@hotmail.com','Patricio','964 460 001'),(438,'Blanco','mayte.riojas@gmail.com','María del Carmen','957 254 746'),(439,'Lozada','ricardo.guzman@yahoo.com','Felipe','991 180 670'),(440,'Huerta','juan.perales@gmail.com','Cecilia','919 387 843'),(441,'Tejada','gloria.garza@gmail.com','Jorge','930 917 967'),(442,'Rincón','marialuisa.barrientos@hotmail.com','José Luis','927 007 113'),(443,'Preciado','benito.quezada@hotmail.com','David','954 955 309'),(444,'Mojica','gilberto.peralta@gmail.com','Arturo','961-749-053'),(445,'Partida','raquel.saldivar@hotmail.com','Pablo','974.066.773'),(446,'Rosario','lourdes.cabrera@gmail.com','Raúl','948.918.558'),(447,'Olivares','lourdes.soto@gmail.com','Silvia','984.096.834'),(448,'Zepeda','mariateresa.ochoa@yahoo.com','Sofia','924.737.078'),(449,'Soria','armando.partida@hotmail.com','Alicia','935.778.310'),(450,'Bueno','estela.sauceda@yahoo.com','Jorge Luis','902.767.706'),(451,'Archuleta','elsa.ortega@hotmail.com','Armando','932352834'),(452,'Laboy','natalia.quinonez@hotmail.com','Pablo','918-150-840'),(453,'Hinojosa','julio.ramon@hotmail.com','José Eduardo','995857495'),(454,'Flórez','david.palomino@gmail.com','Inés','902611925'),(455,'Contreras','luisa.reyna@hotmail.com','Agustín','937.734.138'),(456,'Ríos','clemente.quiroz@gmail.com','Yolanda','987940935'),(457,'Méndez','marialuisa.guevara@yahoo.com','Sergio','907.583.287'),(458,'Medrano','virginia.collado@gmail.com','Victoria','965.193.961'),(459,'Borrego','jaime.mejia@yahoo.com','Ernesto','979623385'),(460,'Orozco','vicente.viera@hotmail.com','Luisa','903 481 030'),(461,'Esquivel','guadalupe.badillo@gmail.com','Manuela','921-024-032'),(462,'Quiroz','bernardo.amador@yahoo.com','Ana María','907-781-865'),(463,'Loera','oscar.sanches@yahoo.com','Dolores','995.749.597'),(464,'Espino','adan.montez@gmail.com','Mercedes','948847731'),(465,'Escobar','jorgeluis.delgado@hotmail.com','Natalia','979879658'),(466,'Bermúdez','joseluis.ibarra@hotmail.com','Rosalia','992 616 536'),(467,'Villaseñor','berta.estrada@gmail.com','Gabriel','980 668 540'),(468,'Gastélum','clemente.saldana@gmail.com','Emilia','920-491-400'),(469,'Tello','ana.estevez@gmail.com','Jorge Luis','932.721.409'),(470,'Rosario','carmen.deleon@hotmail.com','Rubén','923-266-040'),(471,'Urías','marilu.montano@gmail.com','Arturo','969153984'),(472,'Mesa','estela.llamas@gmail.com','Timoteo','908 228 403'),(473,'Garica','ruben.correa@yahoo.com','Catalina','900 840 764'),(474,'Lebrón','sonia.cavazos@yahoo.com','Ana','905-667-085'),(475,'Tovar','santiago.almaraz@gmail.com','Sofia','922.922.194'),(476,'Rael','patricio.sanches@gmail.com','Ramona','968945053'),(477,'Trejo','susana.gaitan@hotmail.com','Ana María','998.514.335'),(478,'Varela','dorotea.chacon@hotmail.com','José Luis','908738479'),(479,'Cadena','pilar.razo@yahoo.com','Estela','969 080 605'),(480,'Roybal','elisa.caban@gmail.com','Miguel','922046000'),(481,'Pulido','pablo.villasenor@yahoo.com','Roberto','965-677-948'),(482,'Barraza','teodoro.avalos@yahoo.com','Teodoro','919216037'),(483,'Yáñez','pilar.lovato@gmail.com','Jesús','907-746-857'),(484,'Salcedo','marcos.curiel@yahoo.com','Luis','980 582 569'),(485,'Aponte','pablo.escamilla@hotmail.com','Victoria','992 888 670'),(486,'Sisneros','elvira.pulido@yahoo.com','Jacobo','951.850.844'),(487,'Montez','ramon.guerra@hotmail.com','Manuela','940 430 059'),(488,'Otero','sonia.arce@gmail.com','Alfonso','926 911 375'),(489,'Magaña','cristobal.resendez@yahoo.com','Amalia','969.498.524'),(490,'Aponte','lilia.casillas@gmail.com','Josefina','984 699 607'),(491,'Rosales','silvia.mojica@yahoo.com','Santiago','950-986-548'),(492,'Luevano','olivia.gamez@gmail.com','Inés','915 616 105'),(493,'Farías','pablo.delvalle@hotmail.com','Guillermina','916 114 037'),(494,'Carrero','maria.padron@gmail.com','Berta','964.428.102'),(495,'Urías','rosalia.urbina@yahoo.com','Adela','936.077.721'),(496,'Fernández','patricia.mata@yahoo.com','Guadalupe','906-548-001'),(497,'Zamora','marta.esquibel@gmail.com','Felipe','976.823.688'),(498,'Cantú','elvira.serrano@yahoo.com','Mayte','917-335-118'),(499,'Enríquez','marilu.alvarado@hotmail.com','Laura','975660975'),(500,'Colón','olivia.cisneros@yahoo.com','Irene','976.711.693'),(501,'Moreno','ignacio.jiminez@yahoo.com','Mercedes','960 444 957'),(502,'Alaniz','maria.mata@gmail.com','Clemente','936464412'),(503,'Canales','rodrigo.mercado@hotmail.com','Jorge Luis','930 338 210'),(504,'Porras','salvador.galarza@gmail.com','Miguel Ángel','952 976 004'),(505,'Aparicio','francisca.badillo@hotmail.com','Soledad','919-559-886'),(506,'Samaniego','clemente.baez@gmail.com','Pilar','925.636.399'),(507,'Sepúlveda','julia.venegas@hotmail.com','Marilu','958771550'),(508,'Aguayo','adan.cintron@gmail.com','Miguel','997372255'),(509,'Malave','rebeca.alba@gmail.com','Marcela','917981898'),(510,'Frías','alicia.mercado@yahoo.com','Julio','950 396 685'),(511,'Irizarry','rosario.villanueva@gmail.com','María Elena','995.447.389'),(512,'Romero','marilu.carrion@hotmail.com','Juan Carlos','910587824'),(513,'Beltrán','jorgeluis.mares@hotmail.com','Pilar','962-052-668'),(514,'Niño','daniel.zepeda@hotmail.com','Felipe','998146128'),(515,'Cardenas','mariaelena.olivarez@hotmail.com','Mónica','909 643 990'),(516,'Rincón','leonor.grijalva@hotmail.com','Juan Carlos','917.872.372'),(517,'Pineda','rosalia.caraballo@gmail.com','Isabela','996.673.431'),(518,'Menchaca','cristian.duran@gmail.com','Irene','985-672-928'),(519,'Espinosa','mario.carrion@gmail.com','Gregorio','993.655.708'),(520,'Caraballo','pablo.escalante@yahoo.com','Carolina','943-825-656'),(521,'Sedillo','guillermina.arana@hotmail.com','César','967 691 038'),(522,'Rosales','vicente.roybal@gmail.com','María Luisa','926 562 054'),(523,'Cerda','horacio.merino@yahoo.com','Jerónimo','940-090-177'),(524,'Maya','luisa.gallardo@gmail.com','Lourdes','941 293 606'),(525,'Armendáriz','mariasoledad.sarabia@hotmail.com','Marilu','911-554-262'),(526,'Salcido','tomas.alcaraz@yahoo.com','Rosalia','957646494'),(527,'Treviño','rocio.cazares@yahoo.com','Hugo','991984833'),(528,'Abeyta','alfonso.arguello@hotmail.com','Carolina','949939998'),(529,'Pedroza','amalia.hurtado@gmail.com','Samuel','915108950'),(530,'Limón','alberto.fonseca@yahoo.com','Ramón','972-980-486'),(531,'Moreno','carolina.echevarria@yahoo.com','Gustavo','969-586-189'),(532,'Rodrígez','vicente.barreto@hotmail.com','Gonzalo','993.655.347'),(533,'Niño','antonio.candelaria@gmail.com','Alejandro','930240452'),(534,'Miranda','eva.arguello@yahoo.com','Santiago','901932818'),(535,'Soto','marialuisa.caldera@hotmail.com','Catalina','941-154-348'),(536,'Sisneros','reina.alonzo@yahoo.com','Daniel','929 453 683'),(537,'Trejo','marilu.cedillo@yahoo.com','César','920 291 934'),(538,'Mesa','emilio.armenta@yahoo.com','Martín','991 141 568'),(539,'Ornelas','teodoro.almanza@hotmail.com','María Soledad','926.370.034'),(540,'Rico','daniela.villalobos@hotmail.com','Nicolás','968.998.086'),(541,'Rojo','julio.atencio@gmail.com','Leticia','912.117.760'),(542,'Luevano','miguel.cardona@gmail.com','Armando','931292760'),(543,'Salcido','francisco.matos@hotmail.com','Eva','987-744-350'),(544,'Carrasquillo','arturo.duran@yahoo.com','Salvador','966-012-632'),(545,'Carmona','raquel.medrano@yahoo.com','Concepción','949-867-444'),(546,'Zapata','cesar.orta@yahoo.com','Magdalena','969189702'),(547,'Vásquez','lorena.mayorga@gmail.com','Adán','961-888-460'),(548,'Vaca','florencia.cardenas@gmail.com','Rosa','947500501'),(549,'Miranda','sonia.serna@yahoo.com','Gloria','953-244-116'),(550,'Soliz','gabriel.lebron@yahoo.com','Jorge Luis','927847824'),(551,'Lugo','leticia.zambrano@gmail.com','Javier','996.057.933'),(552,'Rivero','rebeca.abrego@yahoo.com','Débora','942 360 814'),(553,'Pérez','joseemilio.navarrete@gmail.com','Esteban','976116085'),(554,'Montez','gerardo.ramirez@yahoo.com','Esperanza','900.583.180'),(555,'Uribe','rebeca.moya@hotmail.com','Elena','936.227.521'),(556,'Escalante','hernan.vigil@hotmail.com','Gabriel','964.845.924'),(557,'Salcedo','cecilia.betancourt@yahoo.com','Carmen','927.984.744'),(558,'Saldaña','david.haro@yahoo.com','Magdalena','910-646-196'),(559,'Casárez','florencia.perales@gmail.com','Marilu','907.368.161'),(560,'Almanza','marcos.sauceda@gmail.com','Adán','971190229'),(561,'Centeno','reina.trujillo@hotmail.com','Benjamín','936.735.914'),(562,'Sáenz','rosalia.suarez@gmail.com','Federico','953809024'),(563,'Fernández','ariadna.aragon@yahoo.com','Elsa','919781998'),(564,'Gil','alfonso.gaytan@yahoo.com','Gonzalo','936717068'),(565,'Peres','sara.rivas@gmail.com','Cristina','992-438-288'),(566,'López','marilu.marroquin@hotmail.com','Mariano','977 435 598'),(567,'Hidalgo','alfonso.rosario@hotmail.com','Pilar','950 429 414'),(568,'Munguía','julia.gurule@gmail.com','Rocio','964-533-396'),(569,'Salcedo','monica.deanda@hotmail.com','Rebeca','978907823'),(570,'Alonzo','esperanza.guillen@hotmail.com','Raquel','949.818.461'),(571,'Matos','armando.malave@yahoo.com','Julio César','976-904-351'),(572,'Rubio','alejandro.alaniz@hotmail.com','Margarita','925835330'),(573,'Miramontes','rafael.delapaz@gmail.com','Octavio','973-815-585'),(574,'Abreu','sergio.guerra@gmail.com','Cristina','947.311.211'),(575,'Toledo','magdalena.barragan@hotmail.com','Luis','959-772-328'),(576,'Ferrer','juliocesar.gil@yahoo.com','Lucia','966-298-513'),(577,'Chapa','marcos.sanabria@yahoo.com','Laura','934.806.957'),(578,'Lovato','fernando.melgar@yahoo.com','Fernando','956973121'),(579,'Matos','ramon.meraz@gmail.com','Lorenzo','995-138-132'),(580,'Vela','cristian.herrera@yahoo.com','Gilberto','912 312 800'),(581,'Orosco','mariano.nazario@gmail.com','Diego','905 730 409'),(582,'Prieto','elsa.carranza@yahoo.com','Gabriel','936.211.751'),(583,'Barrios','maricarmen.zapata@yahoo.com','Marilu','975735780'),(584,'Guerrero','clemente.cotto@hotmail.com','Gerardo','912.939.328'),(585,'Samaniego','daniel.montanez@hotmail.com','Vicente','982 167 063'),(586,'Loya','roberto.cruz@yahoo.com','Soledad','931.464.742'),(587,'Meraz','ester.rodriquez@hotmail.com','Elvira','999 239 426'),(588,'de Jesús','virginia.crespo@yahoo.com','Natalia','989.115.047'),(589,'Abreu','agustin.ramon@gmail.com','Amalia','906923852'),(590,'Zavala','mariateresa.salas@gmail.com','Victoria','984.355.094'),(591,'Serrano','hernan.razo@gmail.com','Claudia','956634573'),(592,'Leiva','mario.botello@gmail.com','Eduardo','905.234.796'),(593,'Zayas','eva.solis@yahoo.com','Andrés','977.358.746'),(594,'Marrero','lorenzo.crespo@hotmail.com','Adán','944.539.604'),(595,'Véliz','angela.cepeda@gmail.com','Teresa','934.653.999'),(596,'Acevedo','alberto.lira@gmail.com','Bernardo','907 734 990'),(597,'Badillo','anamaria.rodriquez@hotmail.com','Daniel','919167471'),(598,'Matos','virginia.urrutia@gmail.com','Julia','994531178'),(599,'Vega','esteban.rojo@hotmail.com','Jesús','959.332.998'),(600,'Alarcón','anita.zavala@hotmail.com','Gustavo','936-738-026'),(601,'Perales','miguelangel.almaraz@yahoo.com','Leticia','914 263 038'),(602,'Ferrer','luisa.villareal@gmail.com','Raúl','903-348-121'),(603,'Delgado','clemente.soto@hotmail.com','Gerardo','954-198-224'),(604,'Verduzco','gonzalo.paz@gmail.com','Juan','996-247-871'),(605,'Mondragón','cristina.davila@hotmail.com','Norma','987949172'),(606,'Ybarra','luz.morales@hotmail.com','Mónica','920-601-904'),(607,'Grijalva','estela.rosado@yahoo.com','Clara','999 763 461'),(608,'Pichardo','ricardo.baca@gmail.com','Juan','954-797-861'),(609,'Abrego','gabriela.espinosa@yahoo.com','Manuel','996876746'),(610,'Barrientos','soledad.delgado@gmail.com','Miguel Ángel','907-438-205'),(611,'Téllez','lorena.miranda@gmail.com','Daniel','923 197 253'),(612,'Rosario','dorotea.suarez@hotmail.com','Andrés','913 888 483'),(613,'Heredia','miguelangel.tamayo@yahoo.com','Mónica','999 982 665'),(614,'Mateo','patricio.malave@gmail.com','José','943-053-969'),(615,'Rincón','cristina.guajardo@gmail.com','Javier','949-360-356'),(616,'Griego','vicente.lomeli@gmail.com','Marilu','964.894.155'),(617,'Laboy','conchita.colunga@hotmail.com','Teodoro','962.267.690'),(618,'Valdivia','jaime.casillas@gmail.com','Clemente','977 496 215'),(619,'Arroyo','lourdes.trevino@gmail.com','Gerardo','984.559.923'),(620,'Mayorga','gonzalo.ledesma@hotmail.com','Gregorio','966-365-307'),(621,'Arenas','daniel.coronado@gmail.com','Leonor','942-031-038'),(622,'Mendoza','homero.grijalva@hotmail.com','Daniela','946.017.090'),(623,'Patiño','hernan.borrego@yahoo.com','César','906-594-417'),(624,'Tejada','daniel.caballero@yahoo.com','Esperanza','946.195.521'),(625,'Mora','luismiguel.martinez@gmail.com','Reina','917-806-734'),(626,'Tamez','dorotea.partida@hotmail.com','Soledad','931-230-557'),(627,'Sotelo','mariadelcarmen.ramirez@yahoo.com','Miguel Ángel','915794492'),(628,'Hernandes','patricio.prieto@yahoo.com','Roberto','984855200'),(629,'Gallegos','antonio.caban@yahoo.com','Luisa','989.555.417'),(630,'Madrid','enrique.tirado@yahoo.com','José Luis','927 715 561'),(631,'Oquendo','alberto.leyva@hotmail.com','Samuel','929337195'),(632,'Medrano','veronica.ferrer@hotmail.com','Antonia','971-519-575'),(633,'Aguirre','rodrigo.meraz@hotmail.com','Gonzalo','913.125.051'),(634,'Saldaña','armando.montero@yahoo.com','Guillermo','960-015-084'),(635,'Hurtado','antonio.cantu@gmail.com','Julio','985789432'),(636,'Delrío','antonio.roque@gmail.com','María José','996-328-609'),(637,'Ramos','joseeduardo.mondragon@hotmail.com','Andrés','996.812.525'),(638,'Ureña','micaela.limon@hotmail.com','Sergio','926 179 727'),(639,'Carmona','mariasoledad.briseno@hotmail.com','Ana María','978.398.013'),(640,'Viera','marcela.caldera@gmail.com','Mayte','993 819 378'),(641,'Camarillo','patricia.palomino@yahoo.com','Inés','931.269.747'),(642,'Cornejo','monica.urrutia@hotmail.com','Micaela','904935688'),(643,'Concepción','mariadelcarmen.sanabria@yahoo.com','Alicia','950 394 376'),(644,'Peres','luisa.ramos@gmail.com','Martín','900708893'),(645,'Alfaro','guadalupe.badillo@yahoo.com','Ariadna','953-539-741'),(646,'Centeno','josemaria.hurtado@gmail.com','Sonia','997.997.470'),(647,'Flórez','reina.toledo@gmail.com','Marisol','947-756-362'),(648,'Rico','esteban.galarza@hotmail.com','Clemente','939.540.127'),(649,'Ornelas','maricarmen.alcaraz@yahoo.com','Lucia','986397799'),(650,'Rosario','clemente.munoz@yahoo.com','Miguel','971.261.150'),(651,'Hidalgo','benjamin.urena@yahoo.com','Diana','973345688'),(652,'Herrera','mariana.villareal@gmail.com','Andrés','979-227-398'),(653,'Serrano','patricia.ferrer@yahoo.com','Mercedes','915 994 828'),(654,'Valladares','pedro.mendez@yahoo.com','Ramiro','934-756-937'),(655,'Armenta','antonia.jaramillo@yahoo.com','Felipe','909 154 607'),(656,'Abreu','marcos.gamboa@hotmail.com','Claudio','917.130.634'),(657,'Domínguez','horacio.naranjo@gmail.com','Benjamín','923-112-778'),(658,'Lozano','rosario.barrios@hotmail.com','María','909301492'),(659,'Domínquez','miguel.luevano@gmail.com','Luis Miguel','991-097-982'),(660,'Pineda','jesus.quintero@yahoo.com','Elvira','937.132.046'),(661,'Orta','miguelangel.nevarez@gmail.com','José','909.343.624'),(662,'Águilar','magdalena.armenta@gmail.com','Barbara','977-656-728'),(663,'Cabán','tomas.sotelo@yahoo.com','Adriana','961752373'),(664,'Villegas','guadalupe.mascarenas@gmail.com','Joaquín','978-662-012'),(665,'Vigil','ramona.ortiz@gmail.com','José María','980-915-832'),(666,'Murillo','cristian.barrientos@hotmail.com','Isabela','978 663 955'),(667,'Acevedo','francisca.iglesias@gmail.com','Virginia','965 268 246'),(668,'Zayas','esperanza.gamboa@gmail.com','Luisa','914 815 902'),(669,'Reséndez','anita.zelaya@hotmail.com','Andrea','912055178'),(670,'Ceja','ariadna.batista@yahoo.com','Eduardo','946 338 375'),(671,'Delgadillo','concepcion.angulo@hotmail.com','Guillermo','929.071.932'),(672,'Galarza','gregorio.tejada@gmail.com','Francisco','940-957-813'),(673,'Irizarry','martin.griego@gmail.com','Josefina','926634276'),(674,'Leiva','andres.raya@gmail.com','Daniel','952-375-861'),(675,'Merino','carlota.riojas@gmail.com','Mercedes','910 886 070'),(676,'Alcántar','cesar.orosco@yahoo.com','Clemente','995100350'),(677,'Loera','lorenzo.varela@yahoo.com','Blanca','922 694 679'),(678,'Valadez','cristian.padilla@yahoo.com','Claudia','946-693-200'),(679,'Deleón','pilar.jaquez@hotmail.com','Rosalia','925.607.804'),(680,'Olivera','graciela.avila@gmail.com','Joaquín','966 684 200'),(681,'Duran','jorgeluis.paredes@yahoo.com','Teresa','968-966-371'),(682,'Tejeda','alfonso.samaniego@gmail.com','Claudio','991.653.817'),(683,'Naranjo','norma.tellez@yahoo.com','Laura','928 124 202'),(684,'Villanueva','german.hernadez@gmail.com','Ramón','950 740 385'),(685,'Balderas','julio.toro@gmail.com','Eva','978 833 591'),(686,'Hinojosa','victor.quintero@hotmail.com','Claudia','965-485-435'),(687,'Camacho','mariadelcarmen.rosario@yahoo.com','Mónica','975.144.329'),(688,'Luevano','dorotea.perea@gmail.com','Jaime','997.789.482'),(689,'Castro','jeronimo.aponte@yahoo.com','Marcos','963.610.397'),(690,'Carrillo','nicolas.manzanares@gmail.com','Jorge Luis','930-594-086'),(691,'Ortega','alfredo.esquivel@hotmail.com','José Emilio','907958619'),(692,'Alaniz','claudia.aponte@yahoo.com','Ricardo','944.054.263'),(693,'Cavazos','cristobal.alfaro@yahoo.com','Germán','957-640-310'),(694,'Aragón','homero.villareal@hotmail.com','Octavio','939 889 351'),(695,'Pichardo','veronica.casares@gmail.com','Alfonso','934.562.531'),(696,'Sosa','ruben.salcido@gmail.com','Lola','942 145 505'),(697,'Navarrete','diana.villarreal@hotmail.com','David','978 855 924'),(698,'Ortiz','hernan.carreon@gmail.com','Amalia','981-463-367'),(699,'Camarillo','cristian.huerta@gmail.com','Francisca','998737850'),(700,'Ureña','santiago.diaz@gmail.com','María José','977-947-287'),(701,'Valdivia','jose.nieto@hotmail.com','Miguel','967488072'),(702,'Munguía','jesus.alonzo@yahoo.com','Manuel','957585374'),(703,'Miranda','ramona.dominquez@hotmail.com','Gabriel','974-362-066'),(704,'Ruelas','esteban.benitez@yahoo.com','Luisa','984769306'),(705,'Haro','cesar.salcido@gmail.com','Luz','929 705 889'),(706,'Mota','lourdes.camarillo@yahoo.com','Francisca','989 012 706'),(707,'Feliciano','virginia.cabrera@yahoo.com','Fernando','900.542.776'),(708,'Nazario','ester.verdugo@hotmail.com','Enrique','925-627-723'),(709,'Águilar','silvia.nazario@hotmail.com','Magdalena','964-079-135'),(710,'Macías','jorge.alarcon@yahoo.com','Andrea','907.576.884'),(711,'Alonso','arturo.najera@gmail.com','Alejandro','949066403'),(712,'Lebrón','claudia.najera@hotmail.com','Martín','961-060-973'),(713,'Maya','homero.covarrubias@gmail.com','Gabriela','907016475'),(714,'Orosco','arturo.sosa@yahoo.com','Juan','941 647 280'),(715,'Tapia','luz.pagan@yahoo.com','José Emilio','914.401.928'),(716,'Zúñiga','leonor.enriquez@gmail.com','Ana','900-865-522'),(717,'Camacho','antonio.mendoza@hotmail.com','Marco Antonio','927471443'),(718,'Villareal','alicia.najera@yahoo.com','Eduardo','999.039.438'),(719,'Fuentes','rebeca.briseno@hotmail.com','Santiago','954872095'),(720,'Segura','claudia.tejeda@gmail.com','Diana','918-652-410'),(721,'Varela','samuel.navarro@hotmail.com','Marcela','914 620 326'),(722,'Bermúdez','salvador.villareal@hotmail.com','Cristobal','931.215.599'),(723,'Villaseñor','anamaria.cervantes@gmail.com','María Cristina','940-974-148'),(724,'Sarabia','blanca.pacheco@yahoo.com','Clara','958 223 114'),(725,'Guardado','graciela.ibarra@yahoo.com','Vicente','978.342.830'),(726,'Maestas','adriana.cantu@yahoo.com','Alicia','986479808'),(727,'Frías','german.alonso@hotmail.com','Clara','942.311.711'),(728,'Figueroa','cristobal.rodriguez@gmail.com','Ana María','975.447.458'),(729,'Delarosa','guillermo.barela@yahoo.com','Agustín','963.622.197'),(730,'Alva','gregorio.pabon@hotmail.com','Agustín','925 803 472'),(731,'Rentería','gilberto.roque@yahoo.com','Rocio','951.177.023'),(732,'Madrid','antonio.macias@hotmail.com','Marisol','901.378.222'),(733,'Iglesias','gilberto.gonzalez@hotmail.com','Julio César','989.191.290'),(734,'Saiz','benjamin.murillo@gmail.com','Catalina','995.916.310'),(735,'Estévez','esteban.trevino@yahoo.com','Teresa','922416042'),(736,'Badillo','norma.montes@gmail.com','Patricia','913 463 472'),(737,'Tovar','alberto.sevilla@gmail.com','Victoria','909934668'),(738,'Leal','guillermo.soliz@yahoo.com','Tomás','919-525-241'),(739,'Osorio','emilia.saenz@hotmail.com','Marisol','984-441-169'),(740,'Aponte','federico.zavala@hotmail.com','Leticia','912.344.579'),(741,'Alaniz','gerardo.parra@yahoo.com','Guillermo','916-252-185'),(742,'Bueno','jacobo.loera@hotmail.com','Dorotea','999 248 397'),(743,'Alarcón','marcoantonio.vela@gmail.com','María José','968-097-933'),(744,'Guzmán','joseeduardo.escobedo@hotmail.com','Jorge','929 908 898'),(745,'Saldivar','blanca.arce@yahoo.com','Lola','913.562.582'),(746,'Olivo','claudio.ayala@yahoo.com','José Eduardo','981.177.653'),(747,'Navarrete','timoteo.delacruz@gmail.com','Emilia','976 626 217'),(748,'Linares','mariateresa.pineda@gmail.com','Maricarmen','953495603'),(749,'Varela','pilar.torrez@hotmail.com','Jorge','949 584 619'),(750,'Vega','dolores.pulido@gmail.com','Juan Carlos','934-820-474'),(751,'Apodaca','estela.tapia@yahoo.com','Adán','920-093-284'),(752,'Domínguez','diego.haro@gmail.com','Ignacio','984 806 554'),(753,'Saiz','timoteo.soria@hotmail.com','Eva','962 965 027'),(754,'Ceja','cesar.delgado@gmail.com','Samuel','947.927.617'),(755,'Gurule','claudio.carrasquillo@hotmail.com','Lucas','993.001.994'),(756,'Zarate','mario.corrales@gmail.com','Lourdes','986-118-846'),(757,'Marroquín','joseemilio.vela@yahoo.com','José Eduardo','944-372-844'),(758,'Carrera','debora.valencia@hotmail.com','David','998735261'),(759,'Barrios','norma.chacon@hotmail.com','Mayte','993 690 038'),(760,'Gaytán','horacio.lira@yahoo.com','Federico','982-576-686'),(761,'Alvarez','alfredo.casas@gmail.com','Raúl','948-114-066'),(762,'Ramos','guadalupe.rios@gmail.com','Pedro','932-894-143'),(763,'Espinosa','ariadna.ramon@gmail.com','Susana','933-421-995'),(764,'Holguín','rosa.crespo@yahoo.com','Cecilia','960486179'),(765,'Alfaro','ramona.garrido@hotmail.com','Sonia','938.428.704'),(766,'Tovar','guillermo.chapa@yahoo.com','Adriana','900.672.740'),(767,'Lemus','joaquin.cordero@gmail.com','Teodoro','988160101'),(768,'Carrillo','olivia.granado@yahoo.com','Susana','960.431.795'),(769,'Villegas','veronica.puente@hotmail.com','Marco Antonio','939-864-103'),(770,'Alcántar','benjamin.vera@yahoo.com','Arturo','912-842-219'),(771,'Henríquez','arturo.zepeda@hotmail.com','Mónica','954 328 913'),(772,'Meza','juan.regalado@hotmail.com','Lorenzo','995-693-409'),(773,'Guerrero','lorenzo.montalvo@yahoo.com','Concepción','988 170 852'),(774,'Gutiérrez','guillermo.correa@gmail.com','María Eugenia','927.654.376'),(775,'Viera','tomas.nunez@gmail.com','Alfredo','967 132 795'),(776,'Quiroz','rosario.frias@yahoo.com','Pedro','916680170'),(777,'Soto','marialuisa.cedillo@gmail.com','Diego','930-141-438'),(778,'Ozuna','pablo.molina@hotmail.com','María Elena','941 490 087'),(779,'Terrazas','cristobal.peralta@yahoo.com','Virginia','964-754-470'),(780,'Acevedo','teresa.santacruz@yahoo.com','Margarita','963 958 232'),(781,'Valladares','carmen.elizondo@hotmail.com','Santiago','918.539.035'),(782,'Sotelo','octavio.tejada@gmail.com','Roberto','930.264.027'),(783,'Montoya','claudio.rangel@yahoo.com','María Soledad','985 347 572'),(784,'Beltrán','ramiro.delao@yahoo.com','Lorena','910-586-482'),(785,'Loera','lorenzo.gastelum@yahoo.com','Alejandro','904.527.264'),(786,'Niño','gloria.limon@hotmail.com','Victoria','987.988.202'),(787,'Solano','bernardo.guerrero@yahoo.com','Norma','941224712'),(788,'Matos','andres.cuellar@yahoo.com','Miguel Ángel','914-467-166'),(789,'Coronado','oscar.gomez@gmail.com','Mercedes','939-171-054'),(790,'Benítez','armando.espinal@hotmail.com','Emilio','974 616 016'),(791,'Prieto','mariasoledad.arevalo@hotmail.com','Gabriela','936.192.522'),(792,'Delvalle','ana.cardenas@hotmail.com','Nicolás','916.714.523'),(793,'Montes','sergio.contreras@gmail.com','Maricarmen','949905282'),(794,'Lira','cristobal.longoria@yahoo.com','Luz','941434480'),(795,'Aranda','alejandra.mayorga@yahoo.com','Octavio','901-826-853'),(796,'Cotto','lucia.aguirre@gmail.com','Jaime','914.887.232'),(797,'Arias','daniel.montero@gmail.com','Benjamín','928.991.370'),(798,'Quintanilla','esperanza.reyes@gmail.com','Óscar','969162946'),(799,'Romo','jorge.duarte@yahoo.com','Mariano','928-640-757'),(800,'Laureano','benito.godoy@hotmail.com','Lucia','932-277-460'),(801,'Pichardo','monica.vigil@yahoo.com','Hernán','932.499.771'),(802,'Osorio','emilia.lovato@gmail.com','Juan Carlos','918996525'),(803,'Ceballos','mario.garza@hotmail.com','Mayte','901480553');
/*!40000 ALTER TABLE `clientes` ENABLE KEYS */;
UNLOCK TABLES;

--
-- Table structure for table `empleados`
--

DROP TABLE IF EXISTS `empleados`;
/*!40101 SET @saved_cs_client     = @@character_set_client */;
/*!50503 SET character_set_client = utf8mb4 */;
CREATE TABLE `empleados` (
  `admin` bit(1) DEFAULT NULL,
  `id` int NOT NULL AUTO_INCREMENT,
  `apellido` varchar(255) DEFAULT NULL,
  `dni` varchar(255) DEFAULT NULL,
  `nombre` varchar(255) DEFAULT NULL,
  `password` varchar(255) DEFAULT NULL,
  `usuario` varchar(255) DEFAULT NULL,
  PRIMARY KEY (`id`)
) ENGINE=InnoDB AUTO_INCREMENT=19 DEFAULT CHARSET=utf8mb4 COLLATE=utf8mb4_0900_ai_ci;
/*!40101 SET character_set_client = @saved_cs_client */;

--
-- Dumping data for table `empleados`
--

LOCK TABLES `empleados` WRITE;
/*!40000 ALTER TABLE `empleados` DISABLE KEYS */;
INSERT INTO `empleados` VALUES (_binary '',1,'Admin','12345678','Admin','8c6976e5b5410415bde908bd4dee15dfb167a9c873fc4bb8a81f6f2ab448a918','admin'),(_binary '\0',2,'Taveira','Y123456Z','Juan','ed08c290d7e22f7bb324b15cbadce35b0b348564fd2d5f95752388d86d71bcca','juan'),(_binary '\0',3,'Azpiazu','12345678Z','Asier','e507f1a62080a184a06e719846ce6bb64542ad1789e70982a8ecc6cedf5ea20e','asier'),(_binary '',4,'Soria','099-09-6189','Óscar','098322672670b47a1251302265e2f2c1d8de676e5f6d48926c6bcf9f5800c8fb','elisa.jiménez'),(_binary '\0',5,'Ulibarri','633-44-1815','Germán','455e2bdbd05c77fdede553abe24f2651eac0f83e56631e11aae759e010a5b19d','maríadelcarmen.aguilera'),(_binary '\0',6,'Rendón','370-49-2788','Antonia','05bf71ae231cd7e8a9c836a2308f318216aaed770a1009210fd2b171c3964968','gloria.fernández'),(_binary '\0',7,'Maestas','610-98-2206','Lorena','4a057c098eabde704239dd9ec5d604f914cc82d829406af18f47c378dd8af763','horacio.huerta'),(_binary '\0',8,'Vargas','642-76-3770','Gloria','0958ca53b1df07cb24286cdbaf71874ba933b3a3b33e7a324af084dbab965d32','emilio.arevalo'),(_binary '\0',9,'Barela','413-70-1848','Blanca','8c1ba206d80b3372b1c99b709b1df9fadb20182f379bc6c63f3ab11638ac3c75','lucas.macías'),(_binary '\0',10,'Peres','402-72-0791','Miguel','8307ed530686b1244533050cec08318772cd09c8a3ee0fa8760a10eb9999f5d2','francisco.barrientos'),(_binary '\0',11,'Zelaya','580-06-8485','Amalia','3bcaa01775d948816128c68329d8d970d501beb3ff4678bf1b3bf5bbfd8547e1','jerónimo.madera'),(_binary '\0',12,'Aparicio','652-44-1028','Ariadna','c797a93ba9a67e9e8fafe673d54eb6394ff0c2f274456236d3ad0debcef280ba','guadalupe.bonilla'),(_binary '\0',13,'Arreola','080-09-1122','Mercedes','09bd409f2a7cc11a0d2464b6aea3bc78b9c000810c9323ef795484d1be6e28f8','patricio.caballero'),(_binary '\0',14,'Rivas','355-13-3837','Juan','57493b01f11bb45de17459226c447d1fbff88f1005cab7123bff602a5d2ac204','guadalupe.cotto'),(_binary '\0',15,'Preciado','521-35-2181','Gabriela','635f7b98c565122408aeb9a76d678b00fae4e6ca926cd91e430f1c65bd8d14de','victoria.carvajal'),(_binary '\0',16,'Valladares','175-42-0101','María Soledad','c0f3145bc1ee96c466afd9339b7c2c8814ddf4b2d357d65d2d350319e4ab5634','mateo.santillán'),(_binary '\0',17,'Valentín','247-31-3933','Lilia','a301f06722e1d86d27aba132b841ba8b5772fb652b3900435f90e1bf986216a6','elena.santacruz'),(_binary '\0',18,'Niño','342-82-5532','Luz','d7c5d97fb4e7af9d0beb6ebbbce4d01745adf646a84e7372dfdb052a6834ddd7','gilberto.puga');
/*!40000 ALTER TABLE `empleados` ENABLE KEYS */;
UNLOCK TABLES;

--
-- Table structure for table `mesas`
--

DROP TABLE IF EXISTS `mesas`;
/*!40101 SET @saved_cs_client     = @@character_set_client */;
/*!50503 SET character_set_client = utf8mb4 */;
CREATE TABLE `mesas` (
  `max_personas` int DEFAULT NULL,
  `numero_mesa` int NOT NULL,
  PRIMARY KEY (`numero_mesa`)
) ENGINE=InnoDB DEFAULT CHARSET=utf8mb4 COLLATE=utf8mb4_0900_ai_ci;
/*!40101 SET character_set_client = @saved_cs_client */;

--
-- Dumping data for table `mesas`
--

LOCK TABLES `mesas` WRITE;
/*!40000 ALTER TABLE `mesas` DISABLE KEYS */;
INSERT INTO `mesas` VALUES (10,1),(4,2),(4,3),(4,4),(4,5),(4,6),(4,7),(4,8),(4,9),(2,10),(2,11),(2,12),(2,13);
/*!40000 ALTER TABLE `mesas` ENABLE KEYS */;
UNLOCK TABLES;

--
-- Table structure for table `reservas`
--

DROP TABLE IF EXISTS `reservas`;
/*!40101 SET @saved_cs_client     = @@character_set_client */;
/*!50503 SET character_set_client = utf8mb4 */;
CREATE TABLE `reservas` (
  `cliente_id` int NOT NULL,
  `dia` date NOT NULL,
  `empleado_id` int NOT NULL,
  `id` int NOT NULL AUTO_INCREMENT,
  `numero_mesa` int NOT NULL,
  `numero_personas` int NOT NULL,
  `horario` enum('ALMUERZO','CENA') NOT NULL,
  PRIMARY KEY (`id`),
  KEY `FK474ngys4y846umkd9781qonyq` (`cliente_id`),
  KEY `FKoqs16prpavj992n9t2lxr9egh` (`empleado_id`),
  CONSTRAINT `FK474ngys4y846umkd9781qonyq` FOREIGN KEY (`cliente_id`) REFERENCES `clientes` (`id`),
  CONSTRAINT `FKoqs16prpavj992n9t2lxr9egh` FOREIGN KEY (`empleado_id`) REFERENCES `empleados` (`id`)
) ENGINE=InnoDB AUTO_INCREMENT=377 DEFAULT CHARSET=utf8mb4 COLLATE=utf8mb4_0900_ai_ci;
/*!40101 SET character_set_client = @saved_cs_client */;

--
-- Dumping data for table `reservas`
--

LOCK TABLES `reservas` WRITE;
/*!40000 ALTER TABLE `reservas` DISABLE KEYS */;
INSERT INTO `reservas` VALUES (1,'2024-05-13',1,1,1,5,'ALMUERZO'),(2,'2024-05-13',3,2,5,4,'ALMUERZO'),(3,'2024-05-13',2,3,2,3,'ALMUERZO'),(8,'2024-05-26',4,4,6,1,'CENA'),(11,'2024-06-14',6,5,7,2,'CENA'),(12,'2024-06-22',3,6,11,1,'ALMUERZO'),(13,'2024-05-26',9,7,7,1,'ALMUERZO'),(17,'2024-05-15',7,8,6,2,'CENA'),(19,'2024-06-19',9,9,10,1,'ALMUERZO'),(20,'2024-06-10',6,10,8,1,'CENA'),(24,'2024-05-28',2,11,6,1,'CENA'),(26,'2024-05-19',3,12,1,7,'ALMUERZO'),(27,'2024-06-23',5,13,5,1,'CENA'),(28,'2024-06-18',3,14,9,2,'CENA'),(30,'2024-05-30',7,15,3,2,'ALMUERZO'),(33,'2024-06-02',4,16,7,3,'ALMUERZO'),(34,'2024-06-23',9,17,6,2,'CENA'),(35,'2024-06-12',6,18,6,1,'CENA'),(36,'2024-05-16',8,19,7,3,'ALMUERZO'),(37,'2024-05-19',8,20,11,1,'ALMUERZO'),(39,'2024-05-22',6,21,9,1,'ALMUERZO'),(41,'2024-05-25',2,22,11,1,'CENA'),(42,'2024-05-16',4,23,7,1,'CENA'),(43,'2024-05-23',7,24,11,1,'CENA'),(46,'2024-05-16',1,25,10,1,'ALMUERZO'),(47,'2024-06-03',7,26,4,2,'CENA'),(49,'2024-06-11',5,27,7,1,'ALMUERZO'),(50,'2024-05-17',8,28,4,3,'CENA'),(52,'2024-05-18',8,29,4,2,'CENA'),(55,'2024-05-28',5,30,4,1,'ALMUERZO'),(56,'2024-06-17',2,31,11,1,'CENA'),(58,'2024-06-08',5,32,5,1,'CENA'),(59,'2024-05-22',7,33,9,2,'CENA'),(61,'2024-05-28',2,34,4,2,'CENA'),(62,'2024-06-11',9,35,3,3,'CENA'),(63,'2024-06-16',5,36,3,2,'CENA'),(64,'2024-05-17',1,37,11,1,'ALMUERZO'),(66,'2024-06-09',1,38,2,1,'CENA'),(67,'2024-06-11',1,39,5,2,'ALMUERZO'),(68,'2024-05-22',9,40,6,2,'CENA'),(69,'2024-05-31',3,41,4,3,'CENA'),(70,'2024-06-03',4,42,6,1,'CENA'),(71,'2024-05-21',9,43,1,7,'CENA'),(73,'2024-06-09',3,44,6,1,'CENA'),(77,'2024-06-11',8,45,10,1,'CENA'),(78,'2024-06-02',4,46,4,1,'CENA'),(81,'2024-05-27',3,47,2,2,'ALMUERZO'),(86,'2024-05-29',2,48,1,6,'ALMUERZO'),(87,'2024-05-14',1,49,6,3,'ALMUERZO'),(91,'2024-05-27',2,50,4,2,'ALMUERZO'),(93,'2024-06-11',4,51,11,1,'ALMUERZO'),(94,'2024-05-30',9,52,10,1,'ALMUERZO'),(96,'2024-06-12',5,53,5,2,'ALMUERZO'),(97,'2024-05-13',4,54,11,1,'CENA'),(98,'2024-06-06',3,55,6,1,'ALMUERZO'),(99,'2024-06-01',4,56,7,2,'ALMUERZO'),(101,'2024-06-15',5,57,11,1,'CENA'),(104,'2024-06-20',8,58,11,1,'ALMUERZO'),(107,'2024-06-06',9,59,11,1,'ALMUERZO'),(109,'2024-06-02',7,60,5,2,'CENA'),(111,'2024-05-13',5,61,8,1,'ALMUERZO'),(113,'2024-06-09',8,62,5,2,'CENA'),(114,'2024-06-16',2,63,2,2,'CENA'),(115,'2024-06-07',8,64,11,1,'CENA'),(118,'2024-05-17',2,65,10,1,'CENA'),(121,'2024-05-14',2,66,5,2,'ALMUERZO'),(122,'2024-05-18',5,67,11,1,'ALMUERZO'),(125,'2024-06-05',9,68,11,1,'CENA'),(127,'2024-06-20',9,69,9,2,'ALMUERZO'),(128,'2024-05-14',5,70,10,1,'ALMUERZO'),(129,'2024-06-04',4,71,9,2,'ALMUERZO'),(134,'2024-05-13',1,72,3,2,'ALMUERZO'),(135,'2024-06-23',5,73,9,3,'CENA'),(136,'2024-06-08',8,74,8,2,'CENA'),(137,'2024-06-13',7,75,9,1,'ALMUERZO'),(138,'2024-06-18',5,76,8,3,'ALMUERZO'),(141,'2024-06-15',3,77,1,5,'ALMUERZO'),(142,'2024-06-07',3,78,2,2,'ALMUERZO'),(144,'2024-05-23',3,79,8,2,'CENA'),(147,'2024-05-21',2,80,8,1,'ALMUERZO'),(148,'2024-06-21',4,81,3,2,'ALMUERZO'),(150,'2024-05-20',3,82,8,2,'ALMUERZO'),(151,'2024-06-22',4,83,8,2,'CENA'),(153,'2024-05-24',2,84,11,1,'CENA'),(154,'2024-05-28',9,85,9,1,'ALMUERZO'),(155,'2024-06-17',9,86,8,2,'ALMUERZO'),(156,'2024-06-19',1,87,6,1,'CENA'),(157,'2024-05-16',6,88,4,1,'ALMUERZO'),(159,'2024-05-16',4,89,11,1,'ALMUERZO'),(161,'2024-06-05',6,90,9,1,'CENA'),(162,'2024-05-30',5,91,7,1,'ALMUERZO'),(164,'2024-05-22',9,92,7,2,'CENA'),(166,'2024-05-20',7,93,9,3,'ALMUERZO'),(167,'2024-05-17',5,94,11,1,'CENA'),(169,'2024-05-19',4,95,10,1,'ALMUERZO'),(171,'2024-06-08',6,96,3,2,'ALMUERZO'),(173,'2024-05-18',9,97,2,2,'ALMUERZO'),(174,'2024-05-18',8,98,6,2,'ALMUERZO'),(175,'2024-05-18',1,99,11,1,'CENA'),(179,'2024-05-15',7,100,9,3,'ALMUERZO'),(180,'2024-06-01',7,101,9,2,'CENA'),(183,'2024-06-05',3,102,3,2,'ALMUERZO'),(186,'2024-06-18',4,103,6,3,'ALMUERZO'),(189,'2024-06-16',6,104,11,1,'ALMUERZO'),(190,'2024-05-26',2,105,10,1,'CENA'),(193,'2024-06-05',4,106,8,1,'CENA'),(194,'2024-05-13',5,107,1,8,'CENA'),(196,'2024-06-15',3,108,10,1,'ALMUERZO'),(198,'2024-05-20',3,109,2,2,'CENA'),(199,'2024-06-04',8,110,4,2,'ALMUERZO'),(201,'2024-05-16',3,111,5,2,'CENA'),(204,'2024-06-08',5,112,10,1,'CENA'),(208,'2024-05-30',7,113,8,1,'CENA'),(210,'2024-06-19',7,114,10,1,'CENA'),(211,'2024-05-26',5,115,10,1,'ALMUERZO'),(212,'2024-06-09',6,116,4,2,'ALMUERZO'),(213,'2024-06-22',4,117,8,2,'ALMUERZO'),(214,'2024-06-11',7,118,2,3,'ALMUERZO'),(215,'2024-06-05',4,119,8,3,'ALMUERZO'),(217,'2024-05-14',2,120,9,1,'ALMUERZO'),(220,'2024-06-04',6,121,6,3,'ALMUERZO'),(222,'2024-06-14',4,122,8,2,'ALMUERZO'),(223,'2024-06-20',3,123,7,3,'ALMUERZO'),(225,'2024-05-20',4,124,5,1,'CENA'),(226,'2024-05-15',4,125,8,3,'CENA'),(227,'2024-06-05',5,126,1,3,'ALMUERZO'),(228,'2024-06-18',5,127,9,2,'ALMUERZO'),(231,'2024-06-12',9,128,3,1,'CENA'),(233,'2024-05-19',1,129,10,1,'CENA'),(234,'2024-06-06',9,130,8,2,'ALMUERZO'),(235,'2024-05-31',6,131,7,2,'ALMUERZO'),(236,'2024-05-26',5,132,3,3,'ALMUERZO'),(239,'2024-06-13',2,133,7,1,'ALMUERZO'),(240,'2024-06-06',9,134,10,1,'ALMUERZO'),(242,'2024-05-18',4,135,5,1,'CENA'),(243,'2024-06-12',2,136,1,8,'CENA'),(254,'2024-05-22',9,137,4,1,'ALMUERZO'),(256,'2024-06-01',4,138,5,3,'ALMUERZO'),(258,'2024-05-28',9,139,3,2,'ALMUERZO'),(259,'2024-06-23',8,140,9,2,'ALMUERZO'),(260,'2024-06-06',7,141,3,2,'ALMUERZO'),(263,'2024-05-31',4,142,11,1,'ALMUERZO'),(264,'2024-06-14',7,143,7,2,'ALMUERZO'),(265,'2024-05-26',7,144,1,7,'ALMUERZO'),(268,'2024-05-14',7,145,10,1,'CENA'),(270,'2024-06-23',2,146,11,1,'CENA'),(271,'2024-05-26',9,147,11,1,'CENA'),(272,'2024-05-27',9,148,11,1,'ALMUERZO'),(274,'2024-06-01',2,149,11,1,'ALMUERZO'),(276,'2024-05-31',2,150,3,2,'CENA'),(277,'2024-06-23',4,151,2,2,'CENA'),(278,'2024-05-24',8,152,3,1,'ALMUERZO'),(280,'2024-05-26',6,153,2,2,'CENA'),(281,'2024-06-16',9,154,4,1,'ALMUERZO'),(284,'2024-05-25',9,155,2,1,'ALMUERZO'),(285,'2024-06-21',5,156,3,2,'CENA'),(286,'2024-06-18',9,157,4,2,'CENA'),(291,'2024-06-16',5,158,6,2,'CENA'),(297,'2024-05-30',6,159,7,2,'CENA'),(301,'2024-06-15',2,160,2,2,'ALMUERZO'),(304,'2024-06-15',7,161,8,2,'CENA'),(305,'2024-05-26',8,162,5,1,'ALMUERZO'),(307,'2024-06-22',9,163,6,2,'CENA'),(308,'2024-05-27',2,164,10,1,'ALMUERZO'),(311,'2024-06-13',9,165,2,1,'CENA'),(319,'2024-06-20',6,166,4,1,'ALMUERZO'),(321,'2024-05-19',7,167,5,1,'ALMUERZO'),(323,'2024-05-20',6,168,9,1,'CENA'),(324,'2024-06-10',8,169,3,2,'CENA'),(325,'2024-05-15',5,170,10,1,'CENA'),(327,'2024-06-17',5,171,8,2,'CENA'),(330,'2024-06-11',2,172,2,2,'CENA'),(337,'2024-05-14',9,173,7,3,'ALMUERZO'),(339,'2024-06-11',7,174,1,7,'ALMUERZO'),(340,'2024-06-09',4,175,2,2,'ALMUERZO'),(341,'2024-06-19',9,176,1,9,'CENA'),(342,'2024-06-02',4,177,1,2,'ALMUERZO'),(344,'2024-06-01',7,178,2,2,'CENA'),(345,'2024-06-22',7,179,2,3,'CENA'),(348,'2024-05-19',4,180,3,2,'CENA'),(350,'2024-05-24',6,181,9,2,'ALMUERZO'),(351,'2024-06-10',7,182,2,2,'ALMUERZO'),(352,'2024-05-21',7,183,4,3,'CENA'),(353,'2024-06-10',8,184,11,1,'ALMUERZO'),(354,'2024-06-01',4,185,5,2,'CENA'),(355,'2024-06-20',9,186,5,2,'CENA'),(357,'2024-06-13',2,187,6,1,'ALMUERZO'),(359,'2024-05-14',7,188,6,2,'CENA'),(361,'2024-05-29',8,189,10,1,'ALMUERZO'),(362,'2024-06-12',5,190,7,1,'ALMUERZO'),(363,'2024-05-30',6,191,4,3,'CENA'),(365,'2024-06-12',9,192,3,2,'ALMUERZO'),(368,'2024-06-08',5,193,8,2,'ALMUERZO'),(369,'2024-05-23',7,194,6,1,'CENA'),(370,'2024-05-23',9,195,1,8,'CENA'),(371,'2024-06-17',4,196,1,7,'CENA'),(375,'2024-06-08',7,197,1,4,'CENA'),(378,'2024-06-11',3,198,3,2,'ALMUERZO'),(379,'2024-06-01',8,199,4,2,'ALMUERZO'),(380,'2024-05-15',9,200,10,1,'ALMUERZO'),(381,'2024-06-08',7,201,2,3,'CENA'),(387,'2024-06-17',5,202,9,2,'ALMUERZO'),(390,'2024-05-24',9,203,10,1,'ALMUERZO'),(391,'2024-05-19',5,204,6,2,'ALMUERZO'),(395,'2024-06-14',8,205,9,2,'ALMUERZO'),(399,'2024-05-14',7,206,4,3,'CENA'),(407,'2024-06-08',4,207,3,2,'CENA'),(410,'2024-06-16',1,208,5,2,'ALMUERZO'),(412,'2024-06-06',9,209,7,2,'ALMUERZO'),(413,'2024-05-20',2,210,6,3,'CENA'),(414,'2024-05-21',1,211,5,1,'CENA'),(416,'2024-05-20',1,212,4,2,'ALMUERZO'),(419,'2024-06-04',6,213,5,2,'CENA'),(420,'2024-06-12',6,214,9,3,'CENA'),(421,'2024-05-22',4,215,5,1,'ALMUERZO'),(422,'2024-05-20',5,216,3,2,'ALMUERZO'),(423,'2024-05-26',9,217,8,1,'ALMUERZO'),(427,'2024-06-21',2,218,11,1,'ALMUERZO'),(429,'2024-05-23',2,219,6,1,'ALMUERZO'),(431,'2024-05-21',3,220,3,1,'ALMUERZO'),(435,'2024-05-29',8,221,4,2,'CENA'),(438,'2024-05-13',4,222,8,3,'CENA'),(440,'2024-06-07',8,223,9,2,'CENA'),(442,'2024-06-22',4,224,10,1,'ALMUERZO'),(444,'2024-06-01',4,225,7,2,'CENA'),(446,'2024-06-19',9,226,9,2,'ALMUERZO'),(448,'2024-06-12',2,227,1,2,'ALMUERZO'),(450,'2024-05-29',2,228,8,2,'ALMUERZO'),(453,'2024-06-16',4,229,9,2,'CENA'),(454,'2024-05-19',7,230,7,2,'ALMUERZO'),(457,'2024-06-15',5,231,4,2,'CENA'),(458,'2024-05-29',6,232,1,3,'CENA'),(459,'2024-06-20',7,233,10,1,'CENA'),(462,'2024-06-20',9,234,7,2,'CENA'),(463,'2024-06-06',3,235,10,1,'CENA'),(464,'2024-06-21',4,236,8,2,'ALMUERZO'),(465,'2024-05-27',6,237,11,1,'CENA'),(469,'2024-06-19',7,238,11,1,'ALMUERZO'),(471,'2024-05-29',9,239,7,3,'ALMUERZO'),(472,'2024-06-17',8,240,6,2,'ALMUERZO'),(474,'2024-06-21',7,241,7,3,'CENA'),(475,'2024-05-17',2,242,4,2,'ALMUERZO'),(478,'2024-06-20',4,243,5,2,'ALMUERZO'),(484,'2024-06-12',8,244,11,1,'ALMUERZO'),(491,'2024-06-16',9,245,2,2,'ALMUERZO'),(493,'2024-05-18',5,246,10,1,'CENA'),(494,'2024-05-23',4,247,5,1,'CENA'),(498,'2024-05-15',8,248,7,2,'CENA'),(503,'2024-06-02',9,249,8,2,'ALMUERZO'),(506,'2024-06-21',8,250,6,3,'ALMUERZO'),(509,'2024-05-27',6,251,2,2,'CENA'),(510,'2024-05-22',6,252,5,2,'CENA'),(512,'2024-06-13',9,253,11,1,'CENA'),(514,'2024-05-20',1,254,2,1,'ALMUERZO'),(516,'2024-06-16',6,255,1,2,'ALMUERZO'),(517,'2024-06-12',9,256,7,1,'CENA'),(518,'2024-05-24',2,257,2,1,'ALMUERZO'),(522,'2024-06-22',5,258,5,2,'ALMUERZO'),(523,'2024-06-13',2,259,2,2,'ALMUERZO'),(524,'2024-05-17',9,260,7,2,'ALMUERZO'),(525,'2024-06-14',8,261,8,2,'CENA'),(528,'2024-05-19',8,262,1,3,'CENA'),(538,'2024-06-23',3,263,8,2,'ALMUERZO'),(539,'2024-05-26',9,264,8,1,'CENA'),(540,'2024-05-28',3,265,2,1,'ALMUERZO'),(545,'2024-05-26',5,266,5,1,'CENA'),(546,'2024-06-07',4,267,4,2,'CENA'),(547,'2024-05-24',7,268,7,3,'CENA'),(548,'2024-06-21',2,269,4,1,'CENA'),(550,'2024-06-22',2,270,9,2,'CENA'),(552,'2024-06-21',9,271,5,2,'CENA'),(554,'2024-06-04',8,272,7,2,'CENA'),(555,'2024-06-02',4,273,9,1,'CENA'),(556,'2024-05-31',3,274,3,2,'ALMUERZO'),(557,'2024-05-13',7,275,3,1,'CENA'),(559,'2024-06-13',7,276,9,1,'CENA'),(563,'2024-05-16',2,277,3,2,'CENA'),(568,'2024-06-23',8,278,8,3,'CENA'),(572,'2024-06-09',8,279,8,3,'CENA'),(573,'2024-06-16',2,280,8,2,'ALMUERZO'),(574,'2024-05-23',2,281,2,2,'ALMUERZO'),(575,'2024-05-20',2,282,5,1,'ALMUERZO'),(579,'2024-06-12',1,283,8,3,'CENA'),(583,'2024-06-16',8,284,8,2,'CENA'),(584,'2024-05-28',1,285,5,1,'CENA'),(585,'2024-06-19',9,286,7,2,'ALMUERZO'),(587,'2024-05-16',3,287,8,1,'ALMUERZO'),(588,'2024-06-08',7,288,1,9,'ALMUERZO'),(592,'2024-05-22',2,289,4,2,'CENA'),(593,'2024-05-30',8,290,5,1,'ALMUERZO'),(594,'2024-05-28',3,291,8,1,'ALMUERZO'),(600,'2024-06-10',9,292,4,2,'CENA'),(602,'2024-06-12',8,293,9,2,'ALMUERZO'),(608,'2024-06-04',1,294,1,8,'CENA'),(609,'2024-05-23',9,295,4,2,'ALMUERZO'),(610,'2024-06-20',7,296,9,2,'CENA'),(611,'2024-05-30',6,297,9,2,'ALMUERZO'),(615,'2024-06-15',6,298,4,2,'ALMUERZO'),(616,'2024-06-13',1,299,8,2,'CENA'),(617,'2024-05-14',8,300,8,1,'ALMUERZO'),(618,'2024-06-14',3,301,3,3,'ALMUERZO'),(623,'2024-06-07',2,302,2,2,'CENA'),(625,'2024-06-21',1,303,2,2,'ALMUERZO'),(626,'2024-06-13',9,304,4,2,'ALMUERZO'),(628,'2024-05-24',2,305,4,2,'CENA'),(631,'2024-06-05',7,306,4,3,'CENA'),(632,'2024-05-24',6,307,8,2,'CENA'),(633,'2024-06-06',9,308,11,1,'CENA'),(634,'2024-05-31',4,309,5,2,'ALMUERZO'),(636,'2024-05-23',9,310,9,3,'CENA'),(640,'2024-06-21',8,311,11,1,'CENA'),(641,'2024-06-23',4,312,4,2,'CENA'),(642,'2024-06-15',7,313,2,3,'CENA'),(644,'2024-05-27',5,314,9,1,'CENA'),(645,'2024-05-16',7,315,1,9,'ALMUERZO'),(647,'2024-06-02',4,316,10,1,'ALMUERZO'),(652,'2024-05-13',3,317,10,1,'CENA'),(653,'2024-06-05',9,318,9,1,'ALMUERZO'),(655,'2024-05-17',3,319,6,2,'ALMUERZO'),(657,'2024-05-24',8,320,2,2,'CENA'),(658,'2024-06-03',6,321,8,3,'CENA'),(660,'2024-05-30',7,322,11,1,'ALMUERZO'),(666,'2024-05-27',9,323,5,2,'ALMUERZO'),(667,'2024-06-20',5,324,3,1,'CENA'),(670,'2024-05-22',9,325,2,2,'ALMUERZO'),(671,'2024-05-15',1,326,3,2,'ALMUERZO'),(676,'2024-05-28',4,327,9,1,'CENA'),(677,'2024-06-18',2,328,10,1,'ALMUERZO'),(682,'2024-06-08',9,329,9,2,'ALMUERZO'),(683,'2024-05-14',6,330,2,2,'CENA'),(684,'2024-06-04',2,331,11,1,'ALMUERZO'),(686,'2024-06-06',7,332,3,1,'CENA'),(690,'2024-05-15',9,333,4,2,'CENA'),(693,'2024-05-21',7,334,5,1,'ALMUERZO'),(696,'2024-06-07',9,335,5,2,'CENA'),(699,'2024-05-17',9,336,1,9,'CENA'),(700,'2024-05-18',3,337,3,2,'CENA'),(701,'2024-06-11',7,338,4,2,'ALMUERZO'),(702,'2024-06-09',6,339,7,2,'CENA'),(703,'2024-05-25',1,340,3,1,'CENA'),(707,'2024-05-19',7,341,8,3,'ALMUERZO'),(710,'2024-06-04',9,342,8,1,'ALMUERZO'),(711,'2024-05-29',9,343,9,2,'ALMUERZO'),(712,'2024-06-14',9,344,9,2,'CENA'),(713,'2024-06-23',7,345,2,3,'ALMUERZO'),(719,'2024-06-22',5,346,7,3,'CENA'),(720,'2024-06-04',9,347,2,2,'ALMUERZO'),(722,'2024-06-06',4,348,2,2,'CENA'),(723,'2024-05-24',8,349,6,2,'ALMUERZO'),(724,'2024-05-30',2,350,3,2,'CENA'),(725,'2024-05-14',3,351,7,2,'CENA'),(736,'2024-06-04',9,352,11,1,'CENA'),(741,'2024-06-22',5,353,1,5,'CENA'),(744,'2024-06-01',5,354,6,3,'ALMUERZO'),(746,'2024-06-13',5,355,7,2,'CENA'),(747,'2024-05-23',8,356,9,1,'ALMUERZO'),(750,'2024-06-03',4,357,7,2,'CENA'),(751,'2024-05-31',5,358,1,6,'CENA'),(753,'2024-06-13',3,359,10,1,'ALMUERZO'),(758,'2024-05-27',1,360,3,3,'ALMUERZO'),(759,'2024-05-31',6,361,4,3,'ALMUERZO'),(760,'2024-06-01',7,362,6,1,'CENA'),(763,'2024-05-29',8,363,2,2,'CENA'),(767,'2024-05-13',4,364,5,2,'CENA'),(778,'2024-06-23',2,365,10,1,'ALMUERZO'),(780,'2024-06-22',4,366,4,2,'ALMUERZO'),(781,'2024-05-31',9,367,6,2,'CENA'),(783,'2024-05-25',2,368,3,3,'ALMUERZO'),(786,'2024-06-02',4,369,2,2,'ALMUERZO'),(787,'2024-05-25',3,370,8,2,'CENA'),(788,'2024-06-19',7,371,4,2,'ALMUERZO'),(791,'2024-05-23',7,372,7,2,'ALMUERZO'),(793,'2024-06-11',3,373,9,2,'ALMUERZO'),(796,'2024-05-18',4,374,2,2,'CENA'),(801,'2024-06-11',4,375,4,2,'CENA'),(802,'2024-06-16',3,376,11,1,'CENA');
/*!40000 ALTER TABLE `reservas` ENABLE KEYS */;
UNLOCK TABLES;
/*!40103 SET TIME_ZONE=@OLD_TIME_ZONE */;

/*!40101 SET SQL_MODE=@OLD_SQL_MODE */;
/*!40014 SET FOREIGN_KEY_CHECKS=@OLD_FOREIGN_KEY_CHECKS */;
/*!40014 SET UNIQUE_CHECKS=@OLD_UNIQUE_CHECKS */;
/*!40101 SET CHARACTER_SET_CLIENT=@OLD_CHARACTER_SET_CLIENT */;
/*!40101 SET CHARACTER_SET_RESULTS=@OLD_CHARACTER_SET_RESULTS */;
/*!40101 SET COLLATION_CONNECTION=@OLD_COLLATION_CONNECTION */;
/*!40111 SET SQL_NOTES=@OLD_SQL_NOTES */;

-- Dump completed on 2024-05-13 19:42:57
